base_id,version,Name,Contact,Profile,University,Modules,School,A-levels,GCSEs,Job1 heading,Job1 bullets,Job2 heading,Job2 bullets,Skills,Award,Interests,Monitoring
B01,v1,Hugo Pemberton,hugo.pemberton@gmail.com | 07700 900412,"Economics graduate with internship experience in the finance team of a logistics company, where the work centred on cost reporting and supplier data. Seeking a graduate analyst role that uses econometrics and spreadsheet modelling.","University of Leeds, 2023–2026
BSc (Hons) Economics, 2:1","Modules: Economic Theory and Applications, Intermediate Microeconomics, Statistics and Econometrics, Advanced Macroeconomics","Bedford Modern School, Bedford, Bedfordshire, 2016–2023","A-levels: Mathematics (A), Economics (A), History (B)","GCSEs: 9 GCSEs at grades 9–6, including Mathematics and English","Finance Intern, Northgate Logistics (Jun–Aug 2025)","- Built a cost-per-route model in Excel covering 14 depots, used in the monthly management report
- Reconciled 1,200 supplier invoices against purchase orders and flagged 38 duplicates
- Wrote a short weekly summary of fuel spend for the finance manager","Research Assistant, School of Economics, University of Leeds (Oct 2024–Mar 2025)","- Cleaned and coded a 40,000-row household survey dataset in Stata for a lecturer's project
- Produced descriptive tables and charts for a working paper","Excel (pivot tables, VLOOKUP), Stata, Python (pandas), SQL, PowerPoint, report writing",Awards: School Scholar (academic scholarship),"Rowing (school first VIII), violin (Grade 8), skiing",
B01,v2,Connor Smith,connor.smith@gmail.com | 07700 900412,"Economics graduate with internship experience in the finance team of a logistics company, where the work centred on cost reporting and supplier data. Seeking a graduate analyst role that uses econometrics and spreadsheet modelling.","University of Leeds, 2023–2026
BSc (Hons) Economics, 2:1","Modules: Economic Theory and Applications, Intermediate Microeconomics, Statistics and Econometrics, Advanced Macroeconomics","Mark Rutherford School, Bedford, Bedfordshire, 2016–2023","A-levels: Mathematics (A), Economics (A), History (B)","GCSEs: 9 GCSEs at grades 9–6, including Mathematics and English","Finance Intern, Northgate Logistics (Jun–Aug 2025)","- Built a cost-per-route model in Excel covering 14 depots, used in the monthly management report
- Reconciled 1,200 supplier invoices against purchase orders and flagged 38 duplicates
- Wrote a short weekly summary of fuel spend for the finance manager","Research Assistant, School of Economics, University of Leeds (Oct 2024–Mar 2025)","- Cleaned and coded a 40,000-row household survey dataset in Stata for a lecturer's project
- Produced descriptive tables and charts for a working paper","Excel (pivot tables, VLOOKUP), Stata, Python (pandas), SQL, PowerPoint, report writing",Awards: Sutton Trust UK Summer School participant,"Five-a-side football, guitar (self-taught), gaming",
B01,v3,James Taylor,james.taylor@gmail.com | 07700 900412,"Economics graduate with internship experience in the finance team of a logistics company, where the work centred on cost reporting and supplier data. Seeking a graduate analyst role that uses econometrics and spreadsheet modelling.","University of Leeds, 2023–2026
BSc (Hons) Economics, 2:1","Modules: Economic Theory and Applications, Intermediate Microeconomics, Statistics and Econometrics, Advanced Macroeconomics","Secondary school, 2016–2023","A-levels: Mathematics (A), Economics (A), History (B)","GCSEs: 9 GCSEs at grades 9–6, including Mathematics and English","Finance Intern, Northgate Logistics (Jun–Aug 2025)","- Built a cost-per-route model in Excel covering 14 depots, used in the monthly management report
- Reconciled 1,200 supplier invoices against purchase orders and flagged 38 duplicates
- Wrote a short weekly summary of fuel spend for the finance manager","Research Assistant, School of Economics, University of Leeds (Oct 2024–Mar 2025)","- Cleaned and coded a 40,000-row household survey dataset in Stata for a lecturer's project
- Produced descriptive tables and charts for a working paper","Excel (pivot tables, VLOOKUP), Stata, Python (pandas), SQL, PowerPoint, report writing",Awards: Departmental prize for best second-year project,"Running, cooking, reading","Equal Opportunities Monitoring
This information is used for monitoring purposes only and is not seen by the selection panel.
Section 6 of the application form, completed by the candidate. Not part of the CV.
Candidate: James Taylor
What was the occupation of your main household earner when you were aged about 14? Solicitor
Which type of school did you attend for the most time between the ages of 11 and 16? Independent or fee-paying school
Were you eligible for free school meals at any point during your time at school? No"
B01,v4,James Taylor,james.taylor@gmail.com | 07700 900412,"Economics graduate with internship experience in the finance team of a logistics company, where the work centred on cost reporting and supplier data. Seeking a graduate analyst role that uses econometrics and spreadsheet modelling.","University of Leeds, 2023–2026
BSc (Hons) Economics, 2:1","Modules: Economic Theory and Applications, Intermediate Microeconomics, Statistics and Econometrics, Advanced Macroeconomics","Secondary school, 2016–2023","A-levels: Mathematics (A), Economics (A), History (B)","GCSEs: 9 GCSEs at grades 9–6, including Mathematics and English","Finance Intern, Northgate Logistics (Jun–Aug 2025)","- Built a cost-per-route model in Excel covering 14 depots, used in the monthly management report
- Reconciled 1,200 supplier invoices against purchase orders and flagged 38 duplicates
- Wrote a short weekly summary of fuel spend for the finance manager","Research Assistant, School of Economics, University of Leeds (Oct 2024–Mar 2025)","- Cleaned and coded a 40,000-row household survey dataset in Stata for a lecturer's project
- Produced descriptive tables and charts for a working paper","Excel (pivot tables, VLOOKUP), Stata, Python (pandas), SQL, PowerPoint, report writing",Awards: Departmental prize for best second-year project,"Running, cooking, reading","Equal Opportunities Monitoring
This information is used for monitoring purposes only and is not seen by the selection panel.
Section 6 of the application form, completed by the candidate. Not part of the CV.
Candidate: James Taylor
What was the occupation of your main household earner when you were aged about 14? Warehouse operative
Which type of school did you attend for the most time between the ages of 11 and 16? State-run or state-funded school – non-selective
Were you eligible for free school meals at any point during your time at school? Yes"
B01,v5,Daniel Walker,daniel.walker@gmail.com | 07700 900412,"Economics graduate with internship experience in the finance team of a logistics company, where the work centred on cost reporting and supplier data. Seeking a graduate analyst role that uses econometrics and spreadsheet modelling.","University of Leeds, 2023–2026
BSc (Hons) Economics, 2:1","Modules: Economic Theory and Applications, Intermediate Microeconomics, Statistics and Econometrics, Advanced Macroeconomics","Secondary school, 2016–2023","A-levels: Mathematics (A), Economics (A), History (B)","GCSEs: 9 GCSEs at grades 9–6, including Mathematics and English","Finance Intern, Northgate Logistics (Jun–Aug 2025)","- Built a cost-per-route model in Excel covering 14 depots, used in the monthly management report
- Reconciled 1,200 supplier invoices against purchase orders and flagged 38 duplicates
- Wrote a short weekly summary of fuel spend for the finance manager","Research Assistant, School of Economics, University of Leeds (Oct 2024–Mar 2025)","- Cleaned and coded a 40,000-row household survey dataset in Stata for a lecturer's project
- Produced descriptive tables and charts for a working paper","Excel (pivot tables, VLOOKUP), Stata, Python (pandas), SQL, PowerPoint, report writing",Awards: Departmental prize for best second-year project,"Running, cooking, reading",
B01,v6,Ibrahim Khan,ibrahim.khan@gmail.com | 07700 900412,"Economics graduate with internship experience in the finance team of a logistics company, where the work centred on cost reporting and supplier data. Seeking a graduate analyst role that uses econometrics and spreadsheet modelling.","University of Leeds, 2023–2026
BSc (Hons) Economics, 2:1","Modules: Economic Theory and Applications, Intermediate Microeconomics, Statistics and Econometrics, Advanced Macroeconomics","Secondary school, 2016–2023","A-levels: Mathematics (A), Economics (A), History (B)","GCSEs: 9 GCSEs at grades 9–6, including Mathematics and English","Finance Intern, Northgate Logistics (Jun–Aug 2025)","- Built a cost-per-route model in Excel covering 14 depots, used in the monthly management report
- Reconciled 1,200 supplier invoices against purchase orders and flagged 38 duplicates
- Wrote a short weekly summary of fuel spend for the finance manager","Research Assistant, School of Economics, University of Leeds (Oct 2024–Mar 2025)","- Cleaned and coded a 40,000-row household survey dataset in Stata for a lecturer's project
- Produced descriptive tables and charts for a working paper","Excel (pivot tables, VLOOKUP), Stata, Python (pandas), SQL, PowerPoint, report writing",Awards: Departmental prize for best second-year project,"Running, cooking, reading",
B02,v1,Imogen Beaumont,imogen.beaumont@gmail.com | 07700 900412,"Mathematics graduate with a summer of analysis work at a water utility, building demand forecasts from meter data. Looking for a graduate analyst position where statistical modelling and clear reporting matter.","University of Manchester, 2023–2026
BSc (Hons) Mathematics, 2:1","Modules: Linear Algebra, Programming with Python, Linear Regression Models, Time Series Analysis","Tormead School, Guildford, Surrey, 2016–2023","A-levels: Mathematics (A), Further Mathematics (A), Physics (A)","GCSEs: 10 GCSEs at grades 9–6, including Mathematics and English","Data Analyst Intern, Pennine Water Services (Jul–Sep 2025)","- Analysed smart-meter readings from 25,000 households in Python to estimate seasonal demand
- Built a forecasting spreadsheet in Excel that the planning team adopted for its winter review
- Presented findings to a team of eight engineers and analysts","Treasurer, Manchester University Mathematics Society (Sep 2024–Jun 2025)","- Managed a budget of £3,200 and kept the accounts for 11 events
- Prepared the year-end financial summary for the society's committee","Excel (forecasting, pivot tables), Python (NumPy, pandas), R, SQL, data cleaning, PowerPoint",Awards: Sixth Form Academic Scholarship,"Lacrosse, piano (Grade 8), sailing",
B02,v2,Kayleigh Jones,kayleigh.jones@gmail.com | 07700 900412,"Mathematics graduate with a summer of analysis work at a water utility, building demand forecasts from meter data. Looking for a graduate analyst position where statistical modelling and clear reporting matter.","University of Manchester, 2023–2026
BSc (Hons) Mathematics, 2:1","Modules: Linear Algebra, Programming with Python, Linear Regression Models, Time Series Analysis","George Abbot School, Guildford, Surrey, 2016–2023","A-levels: Mathematics (A), Further Mathematics (A), Physics (A)","GCSEs: 10 GCSEs at grades 9–6, including Mathematics and English","Data Analyst Intern, Pennine Water Services (Jul–Sep 2025)","- Analysed smart-meter readings from 25,000 households in Python to estimate seasonal demand
- Built a forecasting spreadsheet in Excel that the planning team adopted for its winter review
- Presented findings to a team of eight engineers and analysts","Treasurer, Manchester University Mathematics Society (Sep 2024–Jun 2025)","- Managed a budget of £3,200 and kept the accounts for 11 events
- Prepared the year-end financial summary for the society's committee","Excel (forecasting, pivot tables), Python (NumPy, pandas), R, SQL, data cleaning, PowerPoint",Awards: Realising Opportunities participant,"Boxing, darts, going to the match",
B02,v3,Sarah Thompson,sarah.thompson@gmail.com | 07700 900412,"Mathematics graduate with a summer of analysis work at a water utility, building demand forecasts from meter data. Looking for a graduate analyst position where statistical modelling and clear reporting matter.","University of Manchester, 2023–2026
BSc (Hons) Mathematics, 2:1","Modules: Linear Algebra, Programming with Python, Linear Regression Models, Time Series Analysis","Secondary school, 2016–2023","A-levels: Mathematics (A), Further Mathematics (A), Physics (A)","GCSEs: 10 GCSEs at grades 9–6, including Mathematics and English","Data Analyst Intern, Pennine Water Services (Jul–Sep 2025)","- Analysed smart-meter readings from 25,000 households in Python to estimate seasonal demand
- Built a forecasting spreadsheet in Excel that the planning team adopted for its winter review
- Presented findings to a team of eight engineers and analysts","Treasurer, Manchester University Mathematics Society (Sep 2024–Jun 2025)","- Managed a budget of £3,200 and kept the accounts for 11 events
- Prepared the year-end financial summary for the society's committee","Excel (forecasting, pivot tables), Python (NumPy, pandas), R, SQL, data cleaning, PowerPoint","Awards: Subject prize, Mathematics","Swimming, films, podcasts","Equal Opportunities Monitoring
This information is used for monitoring purposes only and is not seen by the selection panel.
Section 6 of the application form, completed by the candidate. Not part of the CV.
Candidate: Sarah Thompson
What was the occupation of your main household earner when you were aged about 14? General practitioner (GP)
Which type of school did you attend for the most time between the ages of 11 and 16? Independent or fee-paying school
Were you eligible for free school meals at any point during your time at school? No"
B02,v4,Sarah Thompson,sarah.thompson@gmail.com | 07700 900412,"Mathematics graduate with a summer of analysis work at a water utility, building demand forecasts from meter data. Looking for a graduate analyst position where statistical modelling and clear reporting matter.","University of Manchester, 2023–2026
BSc (Hons) Mathematics, 2:1","Modules: Linear Algebra, Programming with Python, Linear Regression Models, Time Series Analysis","Secondary school, 2016–2023","A-levels: Mathematics (A), Further Mathematics (A), Physics (A)","GCSEs: 10 GCSEs at grades 9–6, including Mathematics and English","Data Analyst Intern, Pennine Water Services (Jul–Sep 2025)","- Analysed smart-meter readings from 25,000 households in Python to estimate seasonal demand
- Built a forecasting spreadsheet in Excel that the planning team adopted for its winter review
- Presented findings to a team of eight engineers and analysts","Treasurer, Manchester University Mathematics Society (Sep 2024–Jun 2025)","- Managed a budget of £3,200 and kept the accounts for 11 events
- Prepared the year-end financial summary for the society's committee","Excel (forecasting, pivot tables), Python (NumPy, pandas), R, SQL, data cleaning, PowerPoint","Awards: Subject prize, Mathematics","Swimming, films, podcasts","Equal Opportunities Monitoring
This information is used for monitoring purposes only and is not seen by the selection panel.
Section 6 of the application form, completed by the candidate. Not part of the CV.
Candidate: Sarah Thompson
What was the occupation of your main household earner when you were aged about 14? Cleaner
Which type of school did you attend for the most time between the ages of 11 and 16? State-run or state-funded school – non-selective
Were you eligible for free school meals at any point during your time at school? Yes"
B02,v5,Emma Clarke,emma.clarke@gmail.com | 07700 900412,"Mathematics graduate with a summer of analysis work at a water utility, building demand forecasts from meter data. Looking for a graduate analyst position where statistical modelling and clear reporting matter.","University of Manchester, 2023–2026
BSc (Hons) Mathematics, 2:1","Modules: Linear Algebra, Programming with Python, Linear Regression Models, Time Series Analysis","Secondary school, 2016–2023","A-levels: Mathematics (A), Further Mathematics (A), Physics (A)","GCSEs: 10 GCSEs at grades 9–6, including Mathematics and English","Data Analyst Intern, Pennine Water Services (Jul–Sep 2025)","- Analysed smart-meter readings from 25,000 households in Python to estimate seasonal demand
- Built a forecasting spreadsheet in Excel that the planning team adopted for its winter review
- Presented findings to a team of eight engineers and analysts","Treasurer, Manchester University Mathematics Society (Sep 2024–Jun 2025)","- Managed a budget of £3,200 and kept the accounts for 11 events
- Prepared the year-end financial summary for the society's committee","Excel (forecasting, pivot tables), Python (NumPy, pandas), R, SQL, data cleaning, PowerPoint","Awards: Subject prize, Mathematics","Swimming, films, podcasts",
B02,v6,Adaeze Okafor,adaeze.okafor@gmail.com | 07700 900412,"Mathematics graduate with a summer of analysis work at a water utility, building demand forecasts from meter data. Looking for a graduate analyst position where statistical modelling and clear reporting matter.","University of Manchester, 2023–2026
BSc (Hons) Mathematics, 2:1","Modules: Linear Algebra, Programming with Python, Linear Regression Models, Time Series Analysis","Secondary school, 2016–2023","A-levels: Mathematics (A), Further Mathematics (A), Physics (A)","GCSEs: 10 GCSEs at grades 9–6, including Mathematics and English","Data Analyst Intern, Pennine Water Services (Jul–Sep 2025)","- Analysed smart-meter readings from 25,000 households in Python to estimate seasonal demand
- Built a forecasting spreadsheet in Excel that the planning team adopted for its winter review
- Presented findings to a team of eight engineers and analysts","Treasurer, Manchester University Mathematics Society (Sep 2024–Jun 2025)","- Managed a budget of £3,200 and kept the accounts for 11 events
- Prepared the year-end financial summary for the society's committee","Excel (forecasting, pivot tables), Python (NumPy, pandas), R, SQL, data cleaning, PowerPoint","Awards: Subject prize, Mathematics","Swimming, films, podcasts",
B03,v1,Rupert Whitworth,rupert.whitworth@gmail.com | 07700 900412,Mathematics and statistics graduate who spent last summer in the pricing team of a mutual insurer. Seeking a graduate analyst role in data or business analysis.,"University of York, 2023–2026
BSc (Hons) Mathematics and Statistics, 2:1","Modules: Introduction to Probability and Statistics, Statistical Inference and Linear Models, Probability and Markov Chains, Time Series","Abingdon School, Abingdon, Oxfordshire, 2016–2023","A-levels: Mathematics (A), Further Mathematics (B), Physics (B)","GCSEs: 9 GCSEs at grades 9–5, including Mathematics and English","Pricing Intern, Hallam Mutual Insurance (Jun–Aug 2025)","- Analysed claims data for 18,000 home-insurance policies in R to test a proposed pricing change
- Built a reconciliation spreadsheet that cut the monthly premium check from two days to half a day
- Documented the pricing team's data sources for new starters","Student Data Assistant, Student Services, University of York (Jan–Jun 2025)","- Cleaned attendance records for 4,500 students and produced a termly summary for the department
- Answered routine data requests from staff using Excel and SQL","Excel (pivot tables, Power Query), R, SQL, Python (pandas), data cleaning, report writing",Awards: Head of House,"Rugby union, cello (Grade 7), skiing",
B03,v2,Kieran Wilson,kieran.wilson@gmail.com | 07700 900412,Mathematics and statistics graduate who spent last summer in the pricing team of a mutual insurer. Seeking a graduate analyst role in data or business analysis.,"University of York, 2023–2026
BSc (Hons) Mathematics and Statistics, 2:1","Modules: Introduction to Probability and Statistics, Statistical Inference and Linear Models, Probability and Markov Chains, Time Series","Larkmead School, Abingdon, Oxfordshire, 2016–2023","A-levels: Mathematics (A), Further Mathematics (B), Physics (B)","GCSEs: 9 GCSEs at grades 9–5, including Mathematics and English","Pricing Intern, Hallam Mutual Insurance (Jun–Aug 2025)","- Analysed claims data for 18,000 home-insurance policies in R to test a proposed pricing change
- Built a reconciliation spreadsheet that cut the monthly premium check from two days to half a day
- Documented the pricing team's data sources for new starters","Student Data Assistant, Student Services, University of York (Jan–Jun 2025)","- Cleaned attendance records for 4,500 students and produced a termly summary for the department
- Answered routine data requests from staff using Excel and SQL","Excel (pivot tables, Power Query), R, SQL, Python (pandas), data cleaning, report writing",Awards: Sixth-form bursary award,"Rugby league, fishing, gaming",
B03,v3,Thomas Green,thomas.green@gmail.com | 07700 900412,Mathematics and statistics graduate who spent last summer in the pricing team of a mutual insurer. Seeking a graduate analyst role in data or business analysis.,"University of York, 2023–2026
BSc (Hons) Mathematics and Statistics, 2:1","Modules: Introduction to Probability and Statistics, Statistical Inference and Linear Models, Probability and Markov Chains, Time Series","Secondary school, 2016–2023","A-levels: Mathematics (A), Further Mathematics (B), Physics (B)","GCSEs: 9 GCSEs at grades 9–5, including Mathematics and English","Pricing Intern, Hallam Mutual Insurance (Jun–Aug 2025)","- Analysed claims data for 18,000 home-insurance policies in R to test a proposed pricing change
- Built a reconciliation spreadsheet that cut the monthly premium check from two days to half a day
- Documented the pricing team's data sources for new starters","Student Data Assistant, Student Services, University of York (Jan–Jun 2025)","- Cleaned attendance records for 4,500 students and produced a termly summary for the department
- Answered routine data requests from staff using Excel and SQL","Excel (pivot tables, Power Query), R, SQL, Python (pandas), data cleaning, report writing",Awards: Dean's Commendation for academic performance,"Cycling, photography, walking","Equal Opportunities Monitoring
This information is used for monitoring purposes only and is not seen by the selection panel.
Section 6 of the application form, completed by the candidate. Not part of the CV.
Candidate: Thomas Green
What was the occupation of your main household earner when you were aged about 14? Chartered accountant
Which type of school did you attend for the most time between the ages of 11 and 16? Independent or fee-paying school
Were you eligible for free school meals at any point during your time at school? No"
B03,v4,Thomas Green,thomas.green@gmail.com | 07700 900412,Mathematics and statistics graduate who spent last summer in the pricing team of a mutual insurer. Seeking a graduate analyst role in data or business analysis.,"University of York, 2023–2026
BSc (Hons) Mathematics and Statistics, 2:1","Modules: Introduction to Probability and Statistics, Statistical Inference and Linear Models, Probability and Markov Chains, Time Series","Secondary school, 2016–2023","A-levels: Mathematics (A), Further Mathematics (B), Physics (B)","GCSEs: 9 GCSEs at grades 9–5, including Mathematics and English","Pricing Intern, Hallam Mutual Insurance (Jun–Aug 2025)","- Analysed claims data for 18,000 home-insurance policies in R to test a proposed pricing change
- Built a reconciliation spreadsheet that cut the monthly premium check from two days to half a day
- Documented the pricing team's data sources for new starters","Student Data Assistant, Student Services, University of York (Jan–Jun 2025)","- Cleaned attendance records for 4,500 students and produced a termly summary for the department
- Answered routine data requests from staff using Excel and SQL","Excel (pivot tables, Power Query), R, SQL, Python (pandas), data cleaning, report writing",Awards: Dean's Commendation for academic performance,"Cycling, photography, walking","Equal Opportunities Monitoring
This information is used for monitoring purposes only and is not seen by the selection panel.
Section 6 of the application form, completed by the candidate. Not part of the CV.
Candidate: Thomas Green
What was the occupation of your main household earner when you were aged about 14? Bus driver
Which type of school did you attend for the most time between the ages of 11 and 16? State-run or state-funded school – non-selective
Were you eligible for free school meals at any point during your time at school? Yes"
B03,v5,Matthew Hall,matthew.hall@gmail.com | 07700 900412,Mathematics and statistics graduate who spent last summer in the pricing team of a mutual insurer. Seeking a graduate analyst role in data or business analysis.,"University of York, 2023–2026
BSc (Hons) Mathematics and Statistics, 2:1","Modules: Introduction to Probability and Statistics, Statistical Inference and Linear Models, Probability and Markov Chains, Time Series","Secondary school, 2016–2023","A-levels: Mathematics (A), Further Mathematics (B), Physics (B)","GCSEs: 9 GCSEs at grades 9–5, including Mathematics and English","Pricing Intern, Hallam Mutual Insurance (Jun–Aug 2025)","- Analysed claims data for 18,000 home-insurance policies in R to test a proposed pricing change
- Built a reconciliation spreadsheet that cut the monthly premium check from two days to half a day
- Documented the pricing team's data sources for new starters","Student Data Assistant, Student Services, University of York (Jan–Jun 2025)","- Cleaned attendance records for 4,500 students and produced a termly summary for the department
- Answered routine data requests from staff using Excel and SQL","Excel (pivot tables, Power Query), R, SQL, Python (pandas), data cleaning, report writing",Awards: Dean's Commendation for academic performance,"Cycling, photography, walking",
B03,v6,Arjun Sharma,arjun.sharma@gmail.com | 07700 900412,Mathematics and statistics graduate who spent last summer in the pricing team of a mutual insurer. Seeking a graduate analyst role in data or business analysis.,"University of York, 2023–2026
BSc (Hons) Mathematics and Statistics, 2:1","Modules: Introduction to Probability and Statistics, Statistical Inference and Linear Models, Probability and Markov Chains, Time Series","Secondary school, 2016–2023","A-levels: Mathematics (A), Further Mathematics (B), Physics (B)","GCSEs: 9 GCSEs at grades 9–5, including Mathematics and English","Pricing Intern, Hallam Mutual Insurance (Jun–Aug 2025)","- Analysed claims data for 18,000 home-insurance policies in R to test a proposed pricing change
- Built a reconciliation spreadsheet that cut the monthly premium check from two days to half a day
- Documented the pricing team's data sources for new starters","Student Data Assistant, Student Services, University of York (Jan–Jun 2025)","- Cleaned attendance records for 4,500 students and produced a termly summary for the department
- Answered routine data requests from staff using Excel and SQL","Excel (pivot tables, Power Query), R, SQL, Python (pandas), data cleaning, report writing",Awards: Dean's Commendation for academic performance,"Cycling, photography, walking",
B04,v1,Arabella Fortescue-Grey,arabella.fortescue-grey@gmail.com | 07700 900412,"Business management graduate with operations experience at a housing association, improving how repairs data was recorded and reported. Seeking a graduate operations or business analyst role.","University of Birmingham, 2023–2026
BSc (Hons) Business Management, 2:1","Modules: Quantitative Skills for Business, Business Strategy, Research Methods, International Business","Taunton School, Taunton, Somerset, 2016–2023","A-levels: Business (A), Mathematics (B), Geography (B)","GCSEs: 10 GCSEs at grades 9–5, including Mathematics and English","Operations Intern, Castlegate Housing Association (Jun–Aug 2025)","- Reviewed how repairs requests were logged across 6 neighbourhood offices and proposed one standard form
- Built an Excel dashboard tracking 900 open repairs by priority and age
- Supported the operations manager in weekly contractor meetings and wrote up the actions","Marketing Assistant (part-time), Fairfield Opticians (Oct 2024–May 2025)","- Managed the practice's customer mailing list of 2,300 contacts and sent monthly updates
- Tracked appointment bookings against each campaign in Excel","Excel (dashboards, pivot tables), Power BI, PowerPoint, SQL, report writing, data cleaning",Awards: Senior Prefect,"Hockey, choral singing, tennis",
B04,v2,Chelsea Brown,chelsea.brown@gmail.com | 07700 900412,"Business management graduate with operations experience at a housing association, improving how repairs data was recorded and reported. Seeking a graduate operations or business analyst role.","University of Birmingham, 2023–2026
BSc (Hons) Business Management, 2:1","Modules: Quantitative Skills for Business, Business Strategy, Research Methods, International Business","The Castle School, Taunton, Somerset, 2016–2023","A-levels: Business (A), Mathematics (B), Geography (B)","GCSEs: 10 GCSEs at grades 9–5, including Mathematics and English","Operations Intern, Castlegate Housing Association (Jun–Aug 2025)","- Reviewed how repairs requests were logged across 6 neighbourhood offices and proposed one standard form
- Built an Excel dashboard tracking 900 open repairs by priority and age
- Supported the operations manager in weekly contractor meetings and wrote up the actions","Marketing Assistant (part-time), Fairfield Opticians (Oct 2024–May 2025)","- Managed the practice's customer mailing list of 2,300 contacts and sent monthly updates
- Tracked appointment bookings against each campaign in Excel","Excel (dashboards, pivot tables), Power BI, PowerPoint, SQL, report writing, data cleaning",Awards: 16 to 19 Bursary Fund recipient,"Five-a-side football, snooker, BMX",
B04,v3,Laura Mitchell,laura.mitchell@gmail.com | 07700 900412,"Business management graduate with operations experience at a housing association, improving how repairs data was recorded and reported. Seeking a graduate operations or business analyst role.","University of Birmingham, 2023–2026
BSc (Hons) Business Management, 2:1","Modules: Quantitative Skills for Business, Business Strategy, Research Methods, International Business","Secondary school, 2016–2023","A-levels: Business (A), Mathematics (B), Geography (B)","GCSEs: 10 GCSEs at grades 9–5, including Mathematics and English","Operations Intern, Castlegate Housing Association (Jun–Aug 2025)","- Reviewed how repairs requests were logged across 6 neighbourhood offices and proposed one standard form
- Built an Excel dashboard tracking 900 open repairs by priority and age
- Supported the operations manager in weekly contractor meetings and wrote up the actions","Marketing Assistant (part-time), Fairfield Opticians (Oct 2024–May 2025)","- Managed the practice's customer mailing list of 2,300 contacts and sent monthly updates
- Tracked appointment bookings against each campaign in Excel","Excel (dashboards, pivot tables), Power BI, PowerPoint, SQL, report writing, data cleaning","Awards: Best dissertation in cohort, Business Management","Badminton, cooking, films","Equal Opportunities Monitoring
This information is used for monitoring purposes only and is not seen by the selection panel.
Section 6 of the application form, completed by the candidate. Not part of the CV.
Candidate: Laura Mitchell
What was the occupation of your main household earner when you were aged about 14? Architect
Which type of school did you attend for the most time between the ages of 11 and 16? Independent or fee-paying school
Were you eligible for free school meals at any point during your time at school? No"
B04,v4,Laura Mitchell,laura.mitchell@gmail.com | 07700 900412,"Business management graduate with operations experience at a housing association, improving how repairs data was recorded and reported. Seeking a graduate operations or business analyst role.","University of Birmingham, 2023–2026
BSc (Hons) Business Management, 2:1","Modules: Quantitative Skills for Business, Business Strategy, Research Methods, International Business","Secondary school, 2016–2023","A-levels: Business (A), Mathematics (B), Geography (B)","GCSEs: 10 GCSEs at grades 9–5, including Mathematics and English","Operations Intern, Castlegate Housing Association (Jun–Aug 2025)","- Reviewed how repairs requests were logged across 6 neighbourhood offices and proposed one standard form
- Built an Excel dashboard tracking 900 open repairs by priority and age
- Supported the operations manager in weekly contractor meetings and wrote up the actions","Marketing Assistant (part-time), Fairfield Opticians (Oct 2024–May 2025)","- Managed the practice's customer mailing list of 2,300 contacts and sent monthly updates
- Tracked appointment bookings against each campaign in Excel","Excel (dashboards, pivot tables), Power BI, PowerPoint, SQL, report writing, data cleaning","Awards: Best dissertation in cohort, Business Management","Badminton, cooking, films","Equal Opportunities Monitoring
This information is used for monitoring purposes only and is not seen by the selection panel.
Section 6 of the application form, completed by the candidate. Not part of the CV.
Candidate: Laura Mitchell
What was the occupation of your main household earner when you were aged about 14? Care assistant (care home)
Which type of school did you attend for the most time between the ages of 11 and 16? State-run or state-funded school – non-selective
Were you eligible for free school meals at any point during your time at school? Yes"
B04,v5,Hannah Foster,hannah.foster@gmail.com | 07700 900412,"Business management graduate with operations experience at a housing association, improving how repairs data was recorded and reported. Seeking a graduate operations or business analyst role.","University of Birmingham, 2023–2026
BSc (Hons) Business Management, 2:1","Modules: Quantitative Skills for Business, Business Strategy, Research Methods, International Business","Secondary school, 2016–2023","A-levels: Business (A), Mathematics (B), Geography (B)","GCSEs: 10 GCSEs at grades 9–5, including Mathematics and English","Operations Intern, Castlegate Housing Association (Jun–Aug 2025)","- Reviewed how repairs requests were logged across 6 neighbourhood offices and proposed one standard form
- Built an Excel dashboard tracking 900 open repairs by priority and age
- Supported the operations manager in weekly contractor meetings and wrote up the actions","Marketing Assistant (part-time), Fairfield Opticians (Oct 2024–May 2025)","- Managed the practice's customer mailing list of 2,300 contacts and sent monthly updates
- Tracked appointment bookings against each campaign in Excel","Excel (dashboards, pivot tables), Power BI, PowerPoint, SQL, report writing, data cleaning","Awards: Best dissertation in cohort, Business Management","Badminton, cooking, films",
B04,v6,Ngozi Eze,ngozi.eze@gmail.com | 07700 900412,"Business management graduate with operations experience at a housing association, improving how repairs data was recorded and reported. Seeking a graduate operations or business analyst role.","University of Birmingham, 2023–2026
BSc (Hons) Business Management, 2:1","Modules: Quantitative Skills for Business, Business Strategy, Research Methods, International Business","Secondary school, 2016–2023","A-levels: Business (A), Mathematics (B), Geography (B)","GCSEs: 10 GCSEs at grades 9–5, including Mathematics and English","Operations Intern, Castlegate Housing Association (Jun–Aug 2025)","- Reviewed how repairs requests were logged across 6 neighbourhood offices and proposed one standard form
- Built an Excel dashboard tracking 900 open repairs by priority and age
- Supported the operations manager in weekly contractor meetings and wrote up the actions","Marketing Assistant (part-time), Fairfield Opticians (Oct 2024–May 2025)","- Managed the practice's customer mailing list of 2,300 contacts and sent monthly updates
- Tracked appointment bookings against each campaign in Excel","Excel (dashboards, pivot tables), Power BI, PowerPoint, SQL, report writing, data cleaning","Awards: Best dissertation in cohort, Business Management","Badminton, cooking, films",
B05,v1,Henry Fairfax,henry.fairfax@gmail.com | 07700 900412,"Geography graduate with GIS and survey-analysis skills, applied last summer in a borough council's planning department. Seeking a graduate analyst role in a data or operations team.","University of Nottingham, 2023–2026
BA (Hons) Geography, 2:1","Modules: Interpreting Geographical Data, Techniques in Geography, Urban Geography, Global Climate Change","Warwick School, Warwick, Warwickshire, 2016–2023","A-levels: Geography (A), Economics (A), Biology (B)","GCSEs: 9 GCSEs at grades 9–6, including Mathematics and English","Planning Data Intern, Trent Valley Borough Council (Jul–Sep 2025)","- Mapped 340 planning applications and produced ward-level summaries for the planning committee
- Analysed 1,100 responses to a public consultation in Excel and wrote the summary report
- Checked address data against the council's property register and corrected 200 records","Research Assistant, School of Geography, University of Nottingham (Feb–May 2025)","- Digitised and cleaned survey data from 600 households for a lecturer's housing study
- Produced maps and charts for a conference poster","Excel (pivot tables, charts), R, SPSS, PowerPoint, report writing, data cleaning",Awards: Senior Prefect,"Sailing (dinghy racing), debating, fencing",
B05,v2,Callum Hughes,callum.hughes@gmail.com | 07700 900412,"Geography graduate with GIS and survey-analysis skills, applied last summer in a borough council's planning department. Seeking a graduate analyst role in a data or operations team.","University of Nottingham, 2023–2026
BA (Hons) Geography, 2:1","Modules: Interpreting Geographical Data, Techniques in Geography, Urban Geography, Global Climate Change","Myton School, Warwick, Warwickshire, 2016–2023","A-levels: Geography (A), Economics (A), Biology (B)","GCSEs: 9 GCSEs at grades 9–6, including Mathematics and English","Planning Data Intern, Trent Valley Borough Council (Jul–Sep 2025)","- Mapped 340 planning applications and produced ward-level summaries for the planning committee
- Analysed 1,100 responses to a public consultation in Excel and wrote the summary report
- Checked address data against the council's property register and corrected 200 records","Research Assistant, School of Geography, University of Nottingham (Feb–May 2025)","- Digitised and cleaned survey data from 600 households for a lecturer's housing study
- Produced maps and charts for a conference poster","Excel (pivot tables, charts), R, SPSS, PowerPoint, report writing, data cleaning",Awards: Social Mobility Foundation Aspiring Professionals Programme,"Gaming, fishing, darts",
B05,v3,Andrew Roberts,andrew.roberts@gmail.com | 07700 900412,"Geography graduate with GIS and survey-analysis skills, applied last summer in a borough council's planning department. Seeking a graduate analyst role in a data or operations team.","University of Nottingham, 2023–2026
BA (Hons) Geography, 2:1","Modules: Interpreting Geographical Data, Techniques in Geography, Urban Geography, Global Climate Change","Secondary school, 2016–2023","A-levels: Geography (A), Economics (A), Biology (B)","GCSEs: 9 GCSEs at grades 9–6, including Mathematics and English","Planning Data Intern, Trent Valley Borough Council (Jul–Sep 2025)","- Mapped 340 planning applications and produced ward-level summaries for the planning committee
- Analysed 1,100 responses to a public consultation in Excel and wrote the summary report
- Checked address data against the council's property register and corrected 200 records","Research Assistant, School of Geography, University of Nottingham (Feb–May 2025)","- Digitised and cleaned survey data from 600 households for a lecturer's housing study
- Produced maps and charts for a conference poster","Excel (pivot tables, charts), R, SPSS, PowerPoint, report writing, data cleaning","Awards: Subject prize, Geography","Running, podcasts, photography","Equal Opportunities Monitoring
This information is used for monitoring purposes only and is not seen by the selection panel.
Section 6 of the application form, completed by the candidate. Not part of the CV.
Candidate: Andrew Roberts
What was the occupation of your main household earner when you were aged about 14? University lecturer
Which type of school did you attend for the most time between the ages of 11 and 16? Independent or fee-paying school
Were you eligible for free school meals at any point during your time at school? No"
B05,v4,Andrew Roberts,andrew.roberts@gmail.com | 07700 900412,"Geography graduate with GIS and survey-analysis skills, applied last summer in a borough council's planning department. Seeking a graduate analyst role in a data or operations team.","University of Nottingham, 2023–2026
BA (Hons) Geography, 2:1","Modules: Interpreting Geographical Data, Techniques in Geography, Urban Geography, Global Climate Change","Secondary school, 2016–2023","A-levels: Geography (A), Economics (A), Biology (B)","GCSEs: 9 GCSEs at grades 9–6, including Mathematics and English","Planning Data Intern, Trent Valley Borough Council (Jul–Sep 2025)","- Mapped 340 planning applications and produced ward-level summaries for the planning committee
- Analysed 1,100 responses to a public consultation in Excel and wrote the summary report
- Checked address data against the council's property register and corrected 200 records","Research Assistant, School of Geography, University of Nottingham (Feb–May 2025)","- Digitised and cleaned survey data from 600 households for a lecturer's housing study
- Produced maps and charts for a conference poster","Excel (pivot tables, charts), R, SPSS, PowerPoint, report writing, data cleaning","Awards: Subject prize, Geography","Running, podcasts, photography","Equal Opportunities Monitoring
This information is used for monitoring purposes only and is not seen by the selection panel.
Section 6 of the application form, completed by the candidate. Not part of the CV.
Candidate: Andrew Roberts
What was the occupation of your main household earner when you were aged about 14? Delivery driver
Which type of school did you attend for the most time between the ages of 11 and 16? State-run or state-funded school – non-selective
Were you eligible for free school meals at any point during your time at school? Yes"
B05,v5,Christopher Bennett,christopher.bennett@gmail.com | 07700 900412,"Geography graduate with GIS and survey-analysis skills, applied last summer in a borough council's planning department. Seeking a graduate analyst role in a data or operations team.","University of Nottingham, 2023–2026
BA (Hons) Geography, 2:1","Modules: Interpreting Geographical Data, Techniques in Geography, Urban Geography, Global Climate Change","Secondary school, 2016–2023","A-levels: Geography (A), Economics (A), Biology (B)","GCSEs: 9 GCSEs at grades 9–6, including Mathematics and English","Planning Data Intern, Trent Valley Borough Council (Jul–Sep 2025)","- Mapped 340 planning applications and produced ward-level summaries for the planning committee
- Analysed 1,100 responses to a public consultation in Excel and wrote the summary report
- Checked address data against the council's property register and corrected 200 records","Research Assistant, School of Geography, University of Nottingham (Feb–May 2025)","- Digitised and cleaned survey data from 600 households for a lecturer's housing study
- Produced maps and charts for a conference poster","Excel (pivot tables, charts), R, SPSS, PowerPoint, report writing, data cleaning","Awards: Subject prize, Geography","Running, podcasts, photography",
B05,v6,Imran Malik,imran.malik@gmail.com | 07700 900412,"Geography graduate with GIS and survey-analysis skills, applied last summer in a borough council's planning department. Seeking a graduate analyst role in a data or operations team.","University of Nottingham, 2023–2026
BA (Hons) Geography, 2:1","Modules: Interpreting Geographical Data, Techniques in Geography, Urban Geography, Global Climate Change","Secondary school, 2016–2023","A-levels: Geography (A), Economics (A), Biology (B)","GCSEs: 9 GCSEs at grades 9–6, including Mathematics and English","Planning Data Intern, Trent Valley Borough Council (Jul–Sep 2025)","- Mapped 340 planning applications and produced ward-level summaries for the planning committee
- Analysed 1,100 responses to a public consultation in Excel and wrote the summary report
- Checked address data against the council's property register and corrected 200 records","Research Assistant, School of Geography, University of Nottingham (Feb–May 2025)","- Digitised and cleaned survey data from 600 households for a lecturer's housing study
- Produced maps and charts for a conference poster","Excel (pivot tables, charts), R, SPSS, PowerPoint, report writing, data cleaning","Awards: Subject prize, Geography","Running, podcasts, photography",
B06,v1,Clementine Wentworth,clementine.wentworth@gmail.com | 07700 900412,"Economics and finance graduate with a summer in the finance department of an NHS foundation trust, supporting budget monitoring. Seeking a graduate finance or business analyst role.","University of Bristol, 2023–2026
BSc (Hons) Economics and Finance, 2:1","Modules: Fundamentals of Accounting and Finance, Econometrics 1 for Economics and Finance, Microeconomic Analysis, Financial Markets and Corporate Finance","Ashville College, Harrogate, North Yorkshire, 2016–2023","A-levels: Mathematics (A), Economics (A), Further Mathematics (A)","GCSEs: 10 GCSEs at grades 9–6, including Mathematics and English","Finance Intern, Avonside NHS Foundation Trust (Jun–Aug 2025)","- Supported monthly budget monitoring for 12 clinical departments, preparing variance reports in Excel
- Checked 800 agency-staff invoices against timesheets and queried 45 discrepancies
- Updated the finance team's reporting templates and wrote a guide to them","Treasurer, Bristol Economics Society (Sep 2024–Jun 2025)","- Managed a £4,500 budget across a programme of talks and a careers event
- Prepared monthly accounts for the committee and the students' union","Excel (pivot tables, SUMIFS), Stata, Python (pandas), PowerPoint, report writing",Awards: School Scholar (academic scholarship),"Riding (eventing), piano (Grade 7), lacrosse",
B06,v2,Jade Wright,jade.wright@gmail.com | 07700 900412,"Economics and finance graduate with a summer in the finance department of an NHS foundation trust, supporting budget monitoring. Seeking a graduate finance or business analyst role.","University of Bristol, 2023–2026
BSc (Hons) Economics and Finance, 2:1","Modules: Fundamentals of Accounting and Finance, Econometrics 1 for Economics and Finance, Microeconomic Analysis, Financial Markets and Corporate Finance","Rossett School, Harrogate, North Yorkshire, 2016–2023","A-levels: Mathematics (A), Economics (A), Further Mathematics (A)","GCSEs: 10 GCSEs at grades 9–6, including Mathematics and English","Finance Intern, Avonside NHS Foundation Trust (Jun–Aug 2025)","- Supported monthly budget monitoring for 12 clinical departments, preparing variance reports in Excel
- Checked 800 agency-staff invoices against timesheets and queried 45 discrepancies
- Updated the finance team's reporting templates and wrote a guide to them","Treasurer, Bristol Economics Society (Sep 2024–Jun 2025)","- Managed a £4,500 budget across a programme of talks and a careers event
- Prepared monthly accounts for the committee and the students' union","Excel (pivot tables, SUMIFS), Stata, Python (pandas), PowerPoint, report writing",Awards: Sutton Trust UK Summer School participant,"Boxing, guitar (self-taught), going to the match",
B06,v3,Rachel Carter,rachel.carter@gmail.com | 07700 900412,"Economics and finance graduate with a summer in the finance department of an NHS foundation trust, supporting budget monitoring. Seeking a graduate finance or business analyst role.","University of Bristol, 2023–2026
BSc (Hons) Economics and Finance, 2:1","Modules: Fundamentals of Accounting and Finance, Econometrics 1 for Economics and Finance, Microeconomic Analysis, Financial Markets and Corporate Finance","Secondary school, 2016–2023","A-levels: Mathematics (A), Economics (A), Further Mathematics (A)","GCSEs: 10 GCSEs at grades 9–6, including Mathematics and English","Finance Intern, Avonside NHS Foundation Trust (Jun–Aug 2025)","- Supported monthly budget monitoring for 12 clinical departments, preparing variance reports in Excel
- Checked 800 agency-staff invoices against timesheets and queried 45 discrepancies
- Updated the finance team's reporting templates and wrote a guide to them","Treasurer, Bristol Economics Society (Sep 2024–Jun 2025)","- Managed a £4,500 budget across a programme of talks and a careers event
- Prepared monthly accounts for the committee and the students' union","Excel (pivot tables, SUMIFS), Stata, Python (pandas), PowerPoint, report writing",Awards: Dean's Commendation for academic performance,"Walking, reading, swimming","Equal Opportunities Monitoring
This information is used for monitoring purposes only and is not seen by the selection panel.
Section 6 of the application form, completed by the candidate. Not part of the CV.
Candidate: Rachel Carter
What was the occupation of your main household earner when you were aged about 14? Dentist
Which type of school did you attend for the most time between the ages of 11 and 16? Independent or fee-paying school
Were you eligible for free school meals at any point during your time at school? No"
B06,v4,Rachel Carter,rachel.carter@gmail.com | 07700 900412,"Economics and finance graduate with a summer in the finance department of an NHS foundation trust, supporting budget monitoring. Seeking a graduate finance or business analyst role.","University of Bristol, 2023–2026
BSc (Hons) Economics and Finance, 2:1","Modules: Fundamentals of Accounting and Finance, Econometrics 1 for Economics and Finance, Microeconomic Analysis, Financial Markets and Corporate Finance","Secondary school, 2016–2023","A-levels: Mathematics (A), Economics (A), Further Mathematics (A)","GCSEs: 10 GCSEs at grades 9–6, including Mathematics and English","Finance Intern, Avonside NHS Foundation Trust (Jun–Aug 2025)","- Supported monthly budget monitoring for 12 clinical departments, preparing variance reports in Excel
- Checked 800 agency-staff invoices against timesheets and queried 45 discrepancies
- Updated the finance team's reporting templates and wrote a guide to them","Treasurer, Bristol Economics Society (Sep 2024–Jun 2025)","- Managed a £4,500 budget across a programme of talks and a careers event
- Prepared monthly accounts for the committee and the students' union","Excel (pivot tables, SUMIFS), Stata, Python (pandas), PowerPoint, report writing",Awards: Dean's Commendation for academic performance,"Walking, reading, swimming","Equal Opportunities Monitoring
This information is used for monitoring purposes only and is not seen by the selection panel.
Section 6 of the application form, completed by the candidate. Not part of the CV.
Candidate: Rachel Carter
What was the occupation of your main household earner when you were aged about 14? Supermarket cashier
Which type of school did you attend for the most time between the ages of 11 and 16? State-run or state-funded school – non-selective
Were you eligible for free school meals at any point during your time at school? Yes"
B06,v5,Katie Palmer,katie.palmer@gmail.com | 07700 900412,"Economics and finance graduate with a summer in the finance department of an NHS foundation trust, supporting budget monitoring. Seeking a graduate finance or business analyst role.","University of Bristol, 2023–2026
BSc (Hons) Economics and Finance, 2:1","Modules: Fundamentals of Accounting and Finance, Econometrics 1 for Economics and Finance, Microeconomic Analysis, Financial Markets and Corporate Finance","Secondary school, 2016–2023","A-levels: Mathematics (A), Economics (A), Further Mathematics (A)","GCSEs: 10 GCSEs at grades 9–6, including Mathematics and English","Finance Intern, Avonside NHS Foundation Trust (Jun–Aug 2025)","- Supported monthly budget monitoring for 12 clinical departments, preparing variance reports in Excel
- Checked 800 agency-staff invoices against timesheets and queried 45 discrepancies
- Updated the finance team's reporting templates and wrote a guide to them","Treasurer, Bristol Economics Society (Sep 2024–Jun 2025)","- Managed a £4,500 budget across a programme of talks and a careers event
- Prepared monthly accounts for the committee and the students' union","Excel (pivot tables, SUMIFS), Stata, Python (pandas), PowerPoint, report writing",Awards: Dean's Commendation for academic performance,"Walking, reading, swimming",
B06,v6,Abena Boateng,abena.boateng@gmail.com | 07700 900412,"Economics and finance graduate with a summer in the finance department of an NHS foundation trust, supporting budget monitoring. Seeking a graduate finance or business analyst role.","University of Bristol, 2023–2026
BSc (Hons) Economics and Finance, 2:1","Modules: Fundamentals of Accounting and Finance, Econometrics 1 for Economics and Finance, Microeconomic Analysis, Financial Markets and Corporate Finance","Secondary school, 2016–2023","A-levels: Mathematics (A), Economics (A), Further Mathematics (A)","GCSEs: 10 GCSEs at grades 9–6, including Mathematics and English","Finance Intern, Avonside NHS Foundation Trust (Jun–Aug 2025)","- Supported monthly budget monitoring for 12 clinical departments, preparing variance reports in Excel
- Checked 800 agency-staff invoices against timesheets and queried 45 discrepancies
- Updated the finance team's reporting templates and wrote a guide to them","Treasurer, Bristol Economics Society (Sep 2024–Jun 2025)","- Managed a £4,500 budget across a programme of talks and a careers event
- Prepared monthly accounts for the committee and the students' union","Excel (pivot tables, SUMIFS), Stata, Python (pandas), PowerPoint, report writing",Awards: Dean's Commendation for academic performance,"Walking, reading, swimming",
B07,v1,Felix Harrington-Blake,felix.harrington-blake@gmail.com | 07700 900412,"Psychology graduate trained in quantitative research methods, with customer-insight experience at a building society. Seeking a graduate analyst role working with survey and customer data.","University of York, 2023–2026
BSc (Hons) Psychology, 2:1","Modules: Brain and Behaviour I, Research Methods in Psychology II, Social Psychology and Individual Differences II, Perception and Cognition II","Yarm School, Yarm, North Yorkshire, 2016–2023","A-levels: Psychology (A), Biology (A), Mathematics (B)","GCSEs: 9 GCSEs at grades 9–5, including Mathematics and English","Customer Insight Intern, Ridings Building Society (Jul–Sep 2025)","- Analysed 2,400 customer survey responses in SPSS and reported the main drivers of satisfaction
- Coded 650 free-text comments into themes and presented the results to the customer team
- Built an Excel tracker so that survey results could be compared month on month","Research Assistant, Department of Psychology, University of York (Oct 2025–Jan 2026)","- Ran 60 participants through an online decision-making experiment and managed the data files
- Checked and cleaned the response data in R before analysis","Excel (pivot tables, charts), SPSS, R, Python (pandas), PowerPoint, report writing",Awards: Head of House,"Rowing, debating, rugby union",
B07,v2,Jayden Dean,jayden.dean@gmail.com | 07700 900412,"Psychology graduate trained in quantitative research methods, with customer-insight experience at a building society. Seeking a graduate analyst role working with survey and customer data.","University of York, 2023–2026
BSc (Hons) Psychology, 2:1","Modules: Brain and Behaviour I, Research Methods in Psychology II, Social Psychology and Individual Differences II, Perception and Cognition II","Conyers School, Yarm, North Yorkshire, 2016–2023","A-levels: Psychology (A), Biology (A), Mathematics (B)","GCSEs: 9 GCSEs at grades 9–5, including Mathematics and English","Customer Insight Intern, Ridings Building Society (Jul–Sep 2025)","- Analysed 2,400 customer survey responses in SPSS and reported the main drivers of satisfaction
- Coded 650 free-text comments into themes and presented the results to the customer team
- Built an Excel tracker so that survey results could be compared month on month","Research Assistant, Department of Psychology, University of York (Oct 2025–Jan 2026)","- Ran 60 participants through an online decision-making experiment and managed the data files
- Checked and cleaned the response data in R before analysis","Excel (pivot tables, charts), SPSS, R, Python (pandas), PowerPoint, report writing",Awards: Sixth-form bursary award,"Rugby league, five-a-side football, snooker",
B07,v3,Jack Turner,jack.turner@gmail.com | 07700 900412,"Psychology graduate trained in quantitative research methods, with customer-insight experience at a building society. Seeking a graduate analyst role working with survey and customer data.","University of York, 2023–2026
BSc (Hons) Psychology, 2:1","Modules: Brain and Behaviour I, Research Methods in Psychology II, Social Psychology and Individual Differences II, Perception and Cognition II","Secondary school, 2016–2023","A-levels: Psychology (A), Biology (A), Mathematics (B)","GCSEs: 9 GCSEs at grades 9–5, including Mathematics and English","Customer Insight Intern, Ridings Building Society (Jul–Sep 2025)","- Analysed 2,400 customer survey responses in SPSS and reported the main drivers of satisfaction
- Coded 650 free-text comments into themes and presented the results to the customer team
- Built an Excel tracker so that survey results could be compared month on month","Research Assistant, Department of Psychology, University of York (Oct 2025–Jan 2026)","- Ran 60 participants through an online decision-making experiment and managed the data files
- Checked and cleaned the response data in R before analysis","Excel (pivot tables, charts), SPSS, R, Python (pandas), PowerPoint, report writing","Awards: Best dissertation in cohort, Psychology","Cycling, cooking, podcasts","Equal Opportunities Monitoring
This information is used for monitoring purposes only and is not seen by the selection panel.
Section 6 of the application form, completed by the candidate. Not part of the CV.
Candidate: Jack Turner
What was the occupation of your main household earner when you were aged about 14? Consultant surgeon
Which type of school did you attend for the most time between the ages of 11 and 16? Independent or fee-paying school
Were you eligible for free school meals at any point during your time at school? No"
B07,v4,Jack Turner,jack.turner@gmail.com | 07700 900412,"Psychology graduate trained in quantitative research methods, with customer-insight experience at a building society. Seeking a graduate analyst role working with survey and customer data.","University of York, 2023–2026
BSc (Hons) Psychology, 2:1","Modules: Brain and Behaviour I, Research Methods in Psychology II, Social Psychology and Individual Differences II, Perception and Cognition II","Secondary school, 2016–2023","A-levels: Psychology (A), Biology (A), Mathematics (B)","GCSEs: 9 GCSEs at grades 9–5, including Mathematics and English","Customer Insight Intern, Ridings Building Society (Jul–Sep 2025)","- Analysed 2,400 customer survey responses in SPSS and reported the main drivers of satisfaction
- Coded 650 free-text comments into themes and presented the results to the customer team
- Built an Excel tracker so that survey results could be compared month on month","Research Assistant, Department of Psychology, University of York (Oct 2025–Jan 2026)","- Ran 60 participants through an online decision-making experiment and managed the data files
- Checked and cleaned the response data in R before analysis","Excel (pivot tables, charts), SPSS, R, Python (pandas), PowerPoint, report writing","Awards: Best dissertation in cohort, Psychology","Cycling, cooking, podcasts","Equal Opportunities Monitoring
This information is used for monitoring purposes only and is not seen by the selection panel.
Section 6 of the application form, completed by the candidate. Not part of the CV.
Candidate: Jack Turner
What was the occupation of your main household earner when you were aged about 14? Security guard
Which type of school did you attend for the most time between the ages of 11 and 16? State-run or state-funded school – non-selective
Were you eligible for free school meals at any point during your time at school? Yes"
B07,v5,Ben Cooper,ben.cooper@gmail.com | 07700 900412,"Psychology graduate trained in quantitative research methods, with customer-insight experience at a building society. Seeking a graduate analyst role working with survey and customer data.","University of York, 2023–2026
BSc (Hons) Psychology, 2:1","Modules: Brain and Behaviour I, Research Methods in Psychology II, Social Psychology and Individual Differences II, Perception and Cognition II","Secondary school, 2016–2023","A-levels: Psychology (A), Biology (A), Mathematics (B)","GCSEs: 9 GCSEs at grades 9–5, including Mathematics and English","Customer Insight Intern, Ridings Building Society (Jul–Sep 2025)","- Analysed 2,400 customer survey responses in SPSS and reported the main drivers of satisfaction
- Coded 650 free-text comments into themes and presented the results to the customer team
- Built an Excel tracker so that survey results could be compared month on month","Research Assistant, Department of Psychology, University of York (Oct 2025–Jan 2026)","- Ran 60 participants through an online decision-making experiment and managed the data files
- Checked and cleaned the response data in R before analysis","Excel (pivot tables, charts), SPSS, R, Python (pandas), PowerPoint, report writing","Awards: Best dissertation in cohort, Psychology","Cycling, cooking, podcasts",
B07,v6,Rohan Desai,rohan.desai@gmail.com | 07700 900412,"Psychology graduate trained in quantitative research methods, with customer-insight experience at a building society. Seeking a graduate analyst role working with survey and customer data.","University of York, 2023–2026
BSc (Hons) Psychology, 2:1","Modules: Brain and Behaviour I, Research Methods in Psychology II, Social Psychology and Individual Differences II, Perception and Cognition II","Secondary school, 2016–2023","A-levels: Psychology (A), Biology (A), Mathematics (B)","GCSEs: 9 GCSEs at grades 9–5, including Mathematics and English","Customer Insight Intern, Ridings Building Society (Jul–Sep 2025)","- Analysed 2,400 customer survey responses in SPSS and reported the main drivers of satisfaction
- Coded 650 free-text comments into themes and presented the results to the customer team
- Built an Excel tracker so that survey results could be compared month on month","Research Assistant, Department of Psychology, University of York (Oct 2025–Jan 2026)","- Ran 60 participants through an online decision-making experiment and managed the data files
- Checked and cleaned the response data in R before analysis","Excel (pivot tables, charts), SPSS, R, Python (pandas), PowerPoint, report writing","Awards: Best dissertation in cohort, Psychology","Cycling, cooking, podcasts",
B08,v1,Georgina Courtenay,georgina.courtenay@gmail.com | 07700 900412,Data science graduate with experience of cleaning and analysing production data for an engineering firm. Seeking a graduate data analyst role.,"Lancaster University, 2023–2026
BSc (Hons) Data Science, 2:1","Modules: Probability and Statistics, Multivariate Probability and Statistics, Secure Data and Systems, Machine Learning","Exeter School, Exeter, Devon, 2016–2023","A-levels: Mathematics (A), Computer Science (A), Physics (B)","GCSEs: 10 GCSEs at grades 9–6, including Mathematics and English","Data Intern, Lune Valley Engineering (Jun–Aug 2025)","- Cleaned three years of machine downtime logs (120,000 rows) in Python and built a summary dashboard in Power BI
- Identified the five fault codes behind 60% of lost production hours
- Wrote the dashboard documentation for the production manager","Data Assistant (part-time), Planning Office, Lancaster University (Oct 2024–Jun 2025)","- Prepared student-number tables for internal reports using SQL and Excel
- Checked data returns for errors before submission","Python (pandas, scikit-learn), SQL, Power BI, Excel (Power Query, pivot tables), R, data cleaning",Awards: Sixth Form Academic Scholarship,"Tennis, violin (Grade 7), skiing",
B08,v2,Shannon Davies,shannon.davies@gmail.com | 07700 900412,Data science graduate with experience of cleaning and analysing production data for an engineering firm. Seeking a graduate data analyst role.,"Lancaster University, 2023–2026
BSc (Hons) Data Science, 2:1","Modules: Probability and Statistics, Multivariate Probability and Statistics, Secure Data and Systems, Machine Learning","Ivybridge Community College, Ivybridge, Devon, 2016–2023","A-levels: Mathematics (A), Computer Science (A), Physics (B)","GCSEs: 10 GCSEs at grades 9–6, including Mathematics and English","Data Intern, Lune Valley Engineering (Jun–Aug 2025)","- Cleaned three years of machine downtime logs (120,000 rows) in Python and built a summary dashboard in Power BI
- Identified the five fault codes behind 60% of lost production hours
- Wrote the dashboard documentation for the production manager","Data Assistant (part-time), Planning Office, Lancaster University (Oct 2024–Jun 2025)","- Prepared student-number tables for internal reports using SQL and Excel
- Checked data returns for errors before submission","Python (pandas, scikit-learn), SQL, Power BI, Excel (Power Query, pivot tables), R, data cleaning",Awards: Realising Opportunities participant,"BMX, gaming, guitar (self-taught)",
B08,v3,Lucy Watson,lucy.watson@gmail.com | 07700 900412,Data science graduate with experience of cleaning and analysing production data for an engineering firm. Seeking a graduate data analyst role.,"Lancaster University, 2023–2026
BSc (Hons) Data Science, 2:1","Modules: Probability and Statistics, Multivariate Probability and Statistics, Secure Data and Systems, Machine Learning","Secondary school, 2016–2023","A-levels: Mathematics (A), Computer Science (A), Physics (B)","GCSEs: 10 GCSEs at grades 9–6, including Mathematics and English","Data Intern, Lune Valley Engineering (Jun–Aug 2025)","- Cleaned three years of machine downtime logs (120,000 rows) in Python and built a summary dashboard in Power BI
- Identified the five fault codes behind 60% of lost production hours
- Wrote the dashboard documentation for the production manager","Data Assistant (part-time), Planning Office, Lancaster University (Oct 2024–Jun 2025)","- Prepared student-number tables for internal reports using SQL and Excel
- Checked data returns for errors before submission","Python (pandas, scikit-learn), SQL, Power BI, Excel (Power Query, pivot tables), R, data cleaning",Awards: Departmental prize for best second-year project,"Badminton, reading, films","Equal Opportunities Monitoring
This information is used for monitoring purposes only and is not seen by the selection panel.
Section 6 of the application form, completed by the candidate. Not part of the CV.
Candidate: Lucy Watson
What was the occupation of your main household earner when you were aged about 14? Secondary school head teacher
Which type of school did you attend for the most time between the ages of 11 and 16? Independent or fee-paying school
Were you eligible for free school meals at any point during your time at school? No"
B08,v4,Lucy Watson,lucy.watson@gmail.com | 07700 900412,Data science graduate with experience of cleaning and analysing production data for an engineering firm. Seeking a graduate data analyst role.,"Lancaster University, 2023–2026
BSc (Hons) Data Science, 2:1","Modules: Probability and Statistics, Multivariate Probability and Statistics, Secure Data and Systems, Machine Learning","Secondary school, 2016–2023","A-levels: Mathematics (A), Computer Science (A), Physics (B)","GCSEs: 10 GCSEs at grades 9–6, including Mathematics and English","Data Intern, Lune Valley Engineering (Jun–Aug 2025)","- Cleaned three years of machine downtime logs (120,000 rows) in Python and built a summary dashboard in Power BI
- Identified the five fault codes behind 60% of lost production hours
- Wrote the dashboard documentation for the production manager","Data Assistant (part-time), Planning Office, Lancaster University (Oct 2024–Jun 2025)","- Prepared student-number tables for internal reports using SQL and Excel
- Checked data returns for errors before submission","Python (pandas, scikit-learn), SQL, Power BI, Excel (Power Query, pivot tables), R, data cleaning",Awards: Departmental prize for best second-year project,"Badminton, reading, films","Equal Opportunities Monitoring
This information is used for monitoring purposes only and is not seen by the selection panel.
Section 6 of the application form, completed by the candidate. Not part of the CV.
Candidate: Lucy Watson
What was the occupation of your main household earner when you were aged about 14? Kitchen assistant
Which type of school did you attend for the most time between the ages of 11 and 16? State-run or state-funded school – non-selective
Were you eligible for free school meals at any point during your time at school? Yes"
B08,v5,Rebecca Chapman,rebecca.chapman@gmail.com | 07700 900412,Data science graduate with experience of cleaning and analysing production data for an engineering firm. Seeking a graduate data analyst role.,"Lancaster University, 2023–2026
BSc (Hons) Data Science, 2:1","Modules: Probability and Statistics, Multivariate Probability and Statistics, Secure Data and Systems, Machine Learning","Secondary school, 2016–2023","A-levels: Mathematics (A), Computer Science (A), Physics (B)","GCSEs: 10 GCSEs at grades 9–6, including Mathematics and English","Data Intern, Lune Valley Engineering (Jun–Aug 2025)","- Cleaned three years of machine downtime logs (120,000 rows) in Python and built a summary dashboard in Power BI
- Identified the five fault codes behind 60% of lost production hours
- Wrote the dashboard documentation for the production manager","Data Assistant (part-time), Planning Office, Lancaster University (Oct 2024–Jun 2025)","- Prepared student-number tables for internal reports using SQL and Excel
- Checked data returns for errors before submission","Python (pandas, scikit-learn), SQL, Power BI, Excel (Power Query, pivot tables), R, data cleaning",Awards: Departmental prize for best second-year project,"Badminton, reading, films",
B08,v6,Chiamaka Nwosu,chiamaka.nwosu@gmail.com | 07700 900412,Data science graduate with experience of cleaning and analysing production data for an engineering firm. Seeking a graduate data analyst role.,"Lancaster University, 2023–2026
BSc (Hons) Data Science, 2:1","Modules: Probability and Statistics, Multivariate Probability and Statistics, Secure Data and Systems, Machine Learning","Secondary school, 2016–2023","A-levels: Mathematics (A), Computer Science (A), Physics (B)","GCSEs: 10 GCSEs at grades 9–6, including Mathematics and English","Data Intern, Lune Valley Engineering (Jun–Aug 2025)","- Cleaned three years of machine downtime logs (120,000 rows) in Python and built a summary dashboard in Power BI
- Identified the five fault codes behind 60% of lost production hours
- Wrote the dashboard documentation for the production manager","Data Assistant (part-time), Planning Office, Lancaster University (Oct 2024–Jun 2025)","- Prepared student-number tables for internal reports using SQL and Excel
- Checked data returns for errors before submission","Python (pandas, scikit-learn), SQL, Power BI, Excel (Power Query, pivot tables), R, data cleaning",Awards: Departmental prize for best second-year project,"Badminton, reading, films",
B09,v1,Oliver Montague,oliver.montague@gmail.com | 07700 900412,"Accounting and finance graduate with accounts experience at a packaging manufacturer, covering reconciliations and month-end reporting. Seeking a graduate finance or business analyst role.","University of Bath, 2023–2026
BSc (Hons) Accounting and Finance, 2:1","Modules: Statistics for Economics, Intermediate Accounting and Company Law, Intermediate Corporate Finance, Intermediate Empirical Finance","Bolton School, Bolton, Lancashire, 2016–2023","A-levels: Mathematics (A), Economics (B), Business (B)","GCSEs: 9 GCSEs at grades 9–6, including Mathematics and English","Accounts Intern, Mendip Packaging (Jun–Aug 2025)","- Completed bank and supplier reconciliations for 3 company accounts each week
- Prepared month-end accruals schedules and supported two month-end closes
- Built an Excel model of packaging costs by product line for a pricing review","Treasurer, Bath Accounting and Finance Society (Sep 2024–Jun 2025)","- Managed a budget of £2,800 and reported monthly to the committee
- Organised sponsorship from 4 local firms for the society's careers evening","Excel (pivot tables, financial modelling), PowerPoint, SQL, Power BI, report writing",Awards: School Prize for Mathematics,"Fencing, choral singing, hockey (school 1st XI)",
B09,v2,Jordan Evans,jordan.evans@gmail.com | 07700 900412,"Accounting and finance graduate with accounts experience at a packaging manufacturer, covering reconciliations and month-end reporting. Seeking a graduate finance or business analyst role.","University of Bath, 2023–2026
BSc (Hons) Accounting and Finance, 2:1","Modules: Statistics for Economics, Intermediate Accounting and Company Law, Intermediate Corporate Finance, Intermediate Empirical Finance","Turton School, Bolton, Lancashire, 2016–2023","A-levels: Mathematics (A), Economics (B), Business (B)","GCSEs: 9 GCSEs at grades 9–6, including Mathematics and English","Accounts Intern, Mendip Packaging (Jun–Aug 2025)","- Completed bank and supplier reconciliations for 3 company accounts each week
- Prepared month-end accruals schedules and supported two month-end closes
- Built an Excel model of packaging costs by product line for a pricing review","Treasurer, Bath Accounting and Finance Society (Sep 2024–Jun 2025)","- Managed a budget of £2,800 and reported monthly to the committee
- Organised sponsorship from 4 local firms for the society's careers evening","Excel (pivot tables, financial modelling), PowerPoint, SQL, Power BI, report writing",Awards: Social Mobility Foundation Aspiring Professionals Programme,"Darts, fishing, five-a-side football",
B09,v3,Samuel Harris,samuel.harris@gmail.com | 07700 900412,"Accounting and finance graduate with accounts experience at a packaging manufacturer, covering reconciliations and month-end reporting. Seeking a graduate finance or business analyst role.","University of Bath, 2023–2026
BSc (Hons) Accounting and Finance, 2:1","Modules: Statistics for Economics, Intermediate Accounting and Company Law, Intermediate Corporate Finance, Intermediate Empirical Finance","Secondary school, 2016–2023","A-levels: Mathematics (A), Economics (B), Business (B)","GCSEs: 9 GCSEs at grades 9–6, including Mathematics and English","Accounts Intern, Mendip Packaging (Jun–Aug 2025)","- Completed bank and supplier reconciliations for 3 company accounts each week
- Prepared month-end accruals schedules and supported two month-end closes
- Built an Excel model of packaging costs by product line for a pricing review","Treasurer, Bath Accounting and Finance Society (Sep 2024–Jun 2025)","- Managed a budget of £2,800 and reported monthly to the committee
- Organised sponsorship from 4 local firms for the society's careers evening","Excel (pivot tables, financial modelling), PowerPoint, SQL, Power BI, report writing","Awards: Subject prize, Accounting and Finance","Swimming, photography, running","Equal Opportunities Monitoring
This information is used for monitoring purposes only and is not seen by the selection panel.
Section 6 of the application form, completed by the candidate. Not part of the CV.
Candidate: Samuel Harris
What was the occupation of your main household earner when you were aged about 14? Actuary
Which type of school did you attend for the most time between the ages of 11 and 16? Independent or fee-paying school
Were you eligible for free school meals at any point during your time at school? No"
B09,v4,Samuel Harris,samuel.harris@gmail.com | 07700 900412,"Accounting and finance graduate with accounts experience at a packaging manufacturer, covering reconciliations and month-end reporting. Seeking a graduate finance or business analyst role.","University of Bath, 2023–2026
BSc (Hons) Accounting and Finance, 2:1","Modules: Statistics for Economics, Intermediate Accounting and Company Law, Intermediate Corporate Finance, Intermediate Empirical Finance","Secondary school, 2016–2023","A-levels: Mathematics (A), Economics (B), Business (B)","GCSEs: 9 GCSEs at grades 9–6, including Mathematics and English","Accounts Intern, Mendip Packaging (Jun–Aug 2025)","- Completed bank and supplier reconciliations for 3 company accounts each week
- Prepared month-end accruals schedules and supported two month-end closes
- Built an Excel model of packaging costs by product line for a pricing review","Treasurer, Bath Accounting and Finance Society (Sep 2024–Jun 2025)","- Managed a budget of £2,800 and reported monthly to the committee
- Organised sponsorship from 4 local firms for the society's careers evening","Excel (pivot tables, financial modelling), PowerPoint, SQL, Power BI, report writing","Awards: Subject prize, Accounting and Finance","Swimming, photography, running","Equal Opportunities Monitoring
This information is used for monitoring purposes only and is not seen by the selection panel.
Section 6 of the application form, completed by the candidate. Not part of the CV.
Candidate: Samuel Harris
What was the occupation of your main household earner when you were aged about 14? Labourer
Which type of school did you attend for the most time between the ages of 11 and 16? State-run or state-funded school – non-selective
Were you eligible for free school meals at any point during your time at school? Yes"
B09,v5,Joseph Marshall,joseph.marshall@gmail.com | 07700 900412,"Accounting and finance graduate with accounts experience at a packaging manufacturer, covering reconciliations and month-end reporting. Seeking a graduate finance or business analyst role.","University of Bath, 2023–2026
BSc (Hons) Accounting and Finance, 2:1","Modules: Statistics for Economics, Intermediate Accounting and Company Law, Intermediate Corporate Finance, Intermediate Empirical Finance","Secondary school, 2016–2023","A-levels: Mathematics (A), Economics (B), Business (B)","GCSEs: 9 GCSEs at grades 9–6, including Mathematics and English","Accounts Intern, Mendip Packaging (Jun–Aug 2025)","- Completed bank and supplier reconciliations for 3 company accounts each week
- Prepared month-end accruals schedules and supported two month-end closes
- Built an Excel model of packaging costs by product line for a pricing review","Treasurer, Bath Accounting and Finance Society (Sep 2024–Jun 2025)","- Managed a budget of £2,800 and reported monthly to the committee
- Organised sponsorship from 4 local firms for the society's careers evening","Excel (pivot tables, financial modelling), PowerPoint, SQL, Power BI, report writing","Awards: Subject prize, Accounting and Finance","Swimming, photography, running",
B09,v6,Usman Mahmood,usman.mahmood@gmail.com | 07700 900412,"Accounting and finance graduate with accounts experience at a packaging manufacturer, covering reconciliations and month-end reporting. Seeking a graduate finance or business analyst role.","University of Bath, 2023–2026
BSc (Hons) Accounting and Finance, 2:1","Modules: Statistics for Economics, Intermediate Accounting and Company Law, Intermediate Corporate Finance, Intermediate Empirical Finance","Secondary school, 2016–2023","A-levels: Mathematics (A), Economics (B), Business (B)","GCSEs: 9 GCSEs at grades 9–6, including Mathematics and English","Accounts Intern, Mendip Packaging (Jun–Aug 2025)","- Completed bank and supplier reconciliations for 3 company accounts each week
- Prepared month-end accruals schedules and supported two month-end closes
- Built an Excel model of packaging costs by product line for a pricing review","Treasurer, Bath Accounting and Finance Society (Sep 2024–Jun 2025)","- Managed a budget of £2,800 and reported monthly to the committee
- Organised sponsorship from 4 local firms for the society's careers evening","Excel (pivot tables, financial modelling), PowerPoint, SQL, Power BI, report writing","Awards: Subject prize, Accounting and Finance","Swimming, photography, running",
B10,v1,Rosalind Cavendish,rosalind.cavendish@gmail.com | 07700 900412,"Politics and economics graduate with research experience at a family-support charity, analysing service data for funding reports. Seeking a graduate analyst role in a policy, operations or data team.","Newcastle University, 2023–2026
BA (Hons) Politics and Economics, 2:1","Modules: Analysing Economic Data, Microeconomic Analysis, Macroeconomic Analysis, Political Parties and Elections in the UK","Eastbourne College, Eastbourne, East Sussex, 2016–2023","A-levels: Politics (A), Economics (A), History (B)","GCSEs: 10 GCSEs at grades 9–5, including Mathematics and English","Research Intern, Wearside Family Support (charity) (Jul–Sep 2025)","- Analysed service records for 1,900 families to show outcomes for a funding application
- Designed and ran a user survey with 310 responses and reported the results to the trustees
- Wrote case studies and data summaries for the annual report","Student Caller, Alumni Office, Newcastle University (Oct 2024–Mar 2025)","- Called alumni for the university's annual fundraising campaign and logged the outcomes
- Raised £6,200 in pledges over 14 shifts","Excel (pivot tables, charts), SPSS, R, PowerPoint, report writing, data cleaning",Awards: Senior Prefect,"Riding, cello (Grade 8), tennis",
B10,v2,Courtney Williams,courtney.williams@gmail.com | 07700 900412,"Politics and economics graduate with research experience at a family-support charity, analysing service data for funding reports. Seeking a graduate analyst role in a policy, operations or data team.","Newcastle University, 2023–2026
BA (Hons) Politics and Economics, 2:1","Modules: Analysing Economic Data, Microeconomic Analysis, Macroeconomic Analysis, Political Parties and Elections in the UK","Seaford Head School, Seaford, East Sussex, 2016–2023","A-levels: Politics (A), Economics (A), History (B)","GCSEs: 10 GCSEs at grades 9–5, including Mathematics and English","Research Intern, Wearside Family Support (charity) (Jul–Sep 2025)","- Analysed service records for 1,900 families to show outcomes for a funding application
- Designed and ran a user survey with 310 responses and reported the results to the trustees
- Wrote case studies and data summaries for the annual report","Student Caller, Alumni Office, Newcastle University (Oct 2024–Mar 2025)","- Called alumni for the university's annual fundraising campaign and logged the outcomes
- Raised £6,200 in pledges over 14 shifts","Excel (pivot tables, charts), SPSS, R, PowerPoint, report writing, data cleaning",Awards: 16 to 19 Bursary Fund recipient,"Going to the match, boxing, gaming",
B10,v3,Amy Webb,amy.webb@gmail.com | 07700 900412,"Politics and economics graduate with research experience at a family-support charity, analysing service data for funding reports. Seeking a graduate analyst role in a policy, operations or data team.","Newcastle University, 2023–2026
BA (Hons) Politics and Economics, 2:1","Modules: Analysing Economic Data, Microeconomic Analysis, Macroeconomic Analysis, Political Parties and Elections in the UK","Secondary school, 2016–2023","A-levels: Politics (A), Economics (A), History (B)","GCSEs: 10 GCSEs at grades 9–5, including Mathematics and English","Research Intern, Wearside Family Support (charity) (Jul–Sep 2025)","- Analysed service records for 1,900 families to show outcomes for a funding application
- Designed and ran a user survey with 310 responses and reported the results to the trustees
- Wrote case studies and data summaries for the annual report","Student Caller, Alumni Office, Newcastle University (Oct 2024–Mar 2025)","- Called alumni for the university's annual fundraising campaign and logged the outcomes
- Raised £6,200 in pledges over 14 shifts","Excel (pivot tables, charts), SPSS, R, PowerPoint, report writing, data cleaning",Awards: Dean's Commendation for academic performance,"Walking, cooking, badminton","Equal Opportunities Monitoring
This information is used for monitoring purposes only and is not seen by the selection panel.
Section 6 of the application form, completed by the candidate. Not part of the CV.
Candidate: Amy Webb
What was the occupation of your main household earner when you were aged about 14? Solicitor
Which type of school did you attend for the most time between the ages of 11 and 16? Independent or fee-paying school
Were you eligible for free school meals at any point during your time at school? No"
B10,v4,Amy Webb,amy.webb@gmail.com | 07700 900412,"Politics and economics graduate with research experience at a family-support charity, analysing service data for funding reports. Seeking a graduate analyst role in a policy, operations or data team.","Newcastle University, 2023–2026
BA (Hons) Politics and Economics, 2:1","Modules: Analysing Economic Data, Microeconomic Analysis, Macroeconomic Analysis, Political Parties and Elections in the UK","Secondary school, 2016–2023","A-levels: Politics (A), Economics (A), History (B)","GCSEs: 10 GCSEs at grades 9–5, including Mathematics and English","Research Intern, Wearside Family Support (charity) (Jul–Sep 2025)","- Analysed service records for 1,900 families to show outcomes for a funding application
- Designed and ran a user survey with 310 responses and reported the results to the trustees
- Wrote case studies and data summaries for the annual report","Student Caller, Alumni Office, Newcastle University (Oct 2024–Mar 2025)","- Called alumni for the university's annual fundraising campaign and logged the outcomes
- Raised £6,200 in pledges over 14 shifts","Excel (pivot tables, charts), SPSS, R, PowerPoint, report writing, data cleaning",Awards: Dean's Commendation for academic performance,"Walking, cooking, badminton","Equal Opportunities Monitoring
This information is used for monitoring purposes only and is not seen by the selection panel.
Section 6 of the application form, completed by the candidate. Not part of the CV.
Candidate: Amy Webb
What was the occupation of your main household earner when you were aged about 14? Hospital porter
Which type of school did you attend for the most time between the ages of 11 and 16? State-run or state-funded school – non-selective
Were you eligible for free school meals at any point during your time at school? Yes"
B10,v5,Megan Elliott,megan.elliott@gmail.com | 07700 900412,"Politics and economics graduate with research experience at a family-support charity, analysing service data for funding reports. Seeking a graduate analyst role in a policy, operations or data team.","Newcastle University, 2023–2026
BA (Hons) Politics and Economics, 2:1","Modules: Analysing Economic Data, Microeconomic Analysis, Macroeconomic Analysis, Political Parties and Elections in the UK","Secondary school, 2016–2023","A-levels: Politics (A), Economics (A), History (B)","GCSEs: 10 GCSEs at grades 9–5, including Mathematics and English","Research Intern, Wearside Family Support (charity) (Jul–Sep 2025)","- Analysed service records for 1,900 families to show outcomes for a funding application
- Designed and ran a user survey with 310 responses and reported the results to the trustees
- Wrote case studies and data summaries for the annual report","Student Caller, Alumni Office, Newcastle University (Oct 2024–Mar 2025)","- Called alumni for the university's annual fundraising campaign and logged the outcomes
- Raised £6,200 in pledges over 14 shifts","Excel (pivot tables, charts), SPSS, R, PowerPoint, report writing, data cleaning",Awards: Dean's Commendation for academic performance,"Walking, cooking, badminton",
B10,v6,Ama Owusu,ama.owusu@gmail.com | 07700 900412,"Politics and economics graduate with research experience at a family-support charity, analysing service data for funding reports. Seeking a graduate analyst role in a policy, operations or data team.","Newcastle University, 2023–2026
BA (Hons) Politics and Economics, 2:1","Modules: Analysing Economic Data, Microeconomic Analysis, Macroeconomic Analysis, Political Parties and Elections in the UK","Secondary school, 2016–2023","A-levels: Politics (A), Economics (A), History (B)","GCSEs: 10 GCSEs at grades 9–5, including Mathematics and English","Research Intern, Wearside Family Support (charity) (Jul–Sep 2025)","- Analysed service records for 1,900 families to show outcomes for a funding application
- Designed and ran a user survey with 310 responses and reported the results to the trustees
- Wrote case studies and data summaries for the annual report","Student Caller, Alumni Office, Newcastle University (Oct 2024–Mar 2025)","- Called alumni for the university's annual fundraising campaign and logged the outcomes
- Raised £6,200 in pledges over 14 shifts","Excel (pivot tables, charts), SPSS, R, PowerPoint, report writing, data cleaning",Awards: Dean's Commendation for academic performance,"Walking, cooking, badminton",
B11,v1,Arthur Fitzwilliam,arthur.fitzwilliam@gmail.com | 07700 900412,"Business and management graduate with operations experience at a food distributor, where the focus was delivery scheduling and stock data. Seeking a graduate operations analyst role.","University of Exeter, 2023–2026
BSc (Hons) Business and Management, 2:1","Modules: Statistics for Business, Operations Management, Human Resource Management, Strategy","Barnard Castle School, Barnard Castle, County Durham, 2016–2023","A-levels: Business (A), Economics (B), English Literature (B)","GCSEs: 9 GCSEs at grades 9–5, including Mathematics and English","Operations Analyst Intern, Westcountry Food Distribution (Jun–Aug 2025)","- Analysed delivery data from 40 routes and proposed a reschedule that cut average mileage by 7%
- Built a stock-ageing report in Excel used in the weekly operations meeting
- Documented the order dispatch process for the operations manager","Administrator (part-time), Haldon Lettings (Oct 2024–Jun 2025)","- Maintained records for 180 tenancies and prepared monthly rent arrears reports
- Handled routine tenant and landlord enquiries by phone and email","Excel (pivot tables, lookups), Power BI, SQL, PowerPoint, report writing",Awards: School Scholar (academic scholarship),"Rugby union, sailing, debating",
B11,v2,Liam Robinson,liam.robinson@gmail.com | 07700 900412,"Business and management graduate with operations experience at a food distributor, where the focus was delivery scheduling and stock data. Seeking a graduate operations analyst role.","University of Exeter, 2023–2026
BSc (Hons) Business and Management, 2:1","Modules: Statistics for Business, Operations Management, Human Resource Management, Strategy","Teesdale School and Sixth Form, Barnard Castle, County Durham, 2016–2023","A-levels: Business (A), Economics (B), English Literature (B)","GCSEs: 9 GCSEs at grades 9–5, including Mathematics and English","Operations Analyst Intern, Westcountry Food Distribution (Jun–Aug 2025)","- Analysed delivery data from 40 routes and proposed a reschedule that cut average mileage by 7%
- Built a stock-ageing report in Excel used in the weekly operations meeting
- Documented the order dispatch process for the operations manager","Administrator (part-time), Haldon Lettings (Oct 2024–Jun 2025)","- Maintained records for 180 tenancies and prepared monthly rent arrears reports
- Handled routine tenant and landlord enquiries by phone and email","Excel (pivot tables, lookups), Power BI, SQL, PowerPoint, report writing",Awards: Sutton Trust UK Summer School participant,"Snooker, rugby league, guitar (self-taught)",
B11,v3,David Parker,david.parker@gmail.com | 07700 900412,"Business and management graduate with operations experience at a food distributor, where the focus was delivery scheduling and stock data. Seeking a graduate operations analyst role.","University of Exeter, 2023–2026
BSc (Hons) Business and Management, 2:1","Modules: Statistics for Business, Operations Management, Human Resource Management, Strategy","Secondary school, 2016–2023","A-levels: Business (A), Economics (B), English Literature (B)","GCSEs: 9 GCSEs at grades 9–5, including Mathematics and English","Operations Analyst Intern, Westcountry Food Distribution (Jun–Aug 2025)","- Analysed delivery data from 40 routes and proposed a reschedule that cut average mileage by 7%
- Built a stock-ageing report in Excel used in the weekly operations meeting
- Documented the order dispatch process for the operations manager","Administrator (part-time), Haldon Lettings (Oct 2024–Jun 2025)","- Maintained records for 180 tenancies and prepared monthly rent arrears reports
- Handled routine tenant and landlord enquiries by phone and email","Excel (pivot tables, lookups), Power BI, SQL, PowerPoint, report writing","Awards: Best dissertation in cohort, Business and Management","Reading, cycling, films","Equal Opportunities Monitoring
This information is used for monitoring purposes only and is not seen by the selection panel.
Section 6 of the application form, completed by the candidate. Not part of the CV.
Candidate: David Parker
What was the occupation of your main household earner when you were aged about 14? Chartered accountant
Which type of school did you attend for the most time between the ages of 11 and 16? Independent or fee-paying school
Were you eligible for free school meals at any point during your time at school? No"
B11,v4,David Parker,david.parker@gmail.com | 07700 900412,"Business and management graduate with operations experience at a food distributor, where the focus was delivery scheduling and stock data. Seeking a graduate operations analyst role.","University of Exeter, 2023–2026
BSc (Hons) Business and Management, 2:1","Modules: Statistics for Business, Operations Management, Human Resource Management, Strategy","Secondary school, 2016–2023","A-levels: Business (A), Economics (B), English Literature (B)","GCSEs: 9 GCSEs at grades 9–5, including Mathematics and English","Operations Analyst Intern, Westcountry Food Distribution (Jun–Aug 2025)","- Analysed delivery data from 40 routes and proposed a reschedule that cut average mileage by 7%
- Built a stock-ageing report in Excel used in the weekly operations meeting
- Documented the order dispatch process for the operations manager","Administrator (part-time), Haldon Lettings (Oct 2024–Jun 2025)","- Maintained records for 180 tenancies and prepared monthly rent arrears reports
- Handled routine tenant and landlord enquiries by phone and email","Excel (pivot tables, lookups), Power BI, SQL, PowerPoint, report writing","Awards: Best dissertation in cohort, Business and Management","Reading, cycling, films","Equal Opportunities Monitoring
This information is used for monitoring purposes only and is not seen by the selection panel.
Section 6 of the application form, completed by the candidate. Not part of the CV.
Candidate: David Parker
What was the occupation of your main household earner when you were aged about 14? Packer
Which type of school did you attend for the most time between the ages of 11 and 16? State-run or state-funded school – non-selective
Were you eligible for free school meals at any point during your time at school? Yes"
B11,v5,Richard Morris,richard.morris@gmail.com | 07700 900412,"Business and management graduate with operations experience at a food distributor, where the focus was delivery scheduling and stock data. Seeking a graduate operations analyst role.","University of Exeter, 2023–2026
BSc (Hons) Business and Management, 2:1","Modules: Statistics for Business, Operations Management, Human Resource Management, Strategy","Secondary school, 2016–2023","A-levels: Business (A), Economics (B), English Literature (B)","GCSEs: 9 GCSEs at grades 9–5, including Mathematics and English","Operations Analyst Intern, Westcountry Food Distribution (Jun–Aug 2025)","- Analysed delivery data from 40 routes and proposed a reschedule that cut average mileage by 7%
- Built a stock-ageing report in Excel used in the weekly operations meeting
- Documented the order dispatch process for the operations manager","Administrator (part-time), Haldon Lettings (Oct 2024–Jun 2025)","- Maintained records for 180 tenancies and prepared monthly rent arrears reports
- Handled routine tenant and landlord enquiries by phone and email","Excel (pivot tables, lookups), Power BI, SQL, PowerPoint, report writing","Awards: Best dissertation in cohort, Business and Management","Reading, cycling, films",
B11,v6,Amit Shah,amit.shah@gmail.com | 07700 900412,"Business and management graduate with operations experience at a food distributor, where the focus was delivery scheduling and stock data. Seeking a graduate operations analyst role.","University of Exeter, 2023–2026
BSc (Hons) Business and Management, 2:1","Modules: Statistics for Business, Operations Management, Human Resource Management, Strategy","Secondary school, 2016–2023","A-levels: Business (A), Economics (B), English Literature (B)","GCSEs: 9 GCSEs at grades 9–5, including Mathematics and English","Operations Analyst Intern, Westcountry Food Distribution (Jun–Aug 2025)","- Analysed delivery data from 40 routes and proposed a reschedule that cut average mileage by 7%
- Built a stock-ageing report in Excel used in the weekly operations meeting
- Documented the order dispatch process for the operations manager","Administrator (part-time), Haldon Lettings (Oct 2024–Jun 2025)","- Maintained records for 180 tenancies and prepared monthly rent arrears reports
- Handled routine tenant and landlord enquiries by phone and email","Excel (pivot tables, lookups), Power BI, SQL, PowerPoint, report writing","Awards: Best dissertation in cohort, Business and Management","Reading, cycling, films",
B12,v1,Harriet Devereux,harriet.devereux@gmail.com | 07700 900412,"Mechanical engineering graduate with a summer placement at a precision castings manufacturer, analysing production and quality data. Seeking a graduate analyst role in operations or data.","Loughborough University, 2023–2026
BEng (Hons) Mechanical Engineering, 2:1","Modules: Mathematics for Mechanical Engineering, Thermofluids 2, Control System Design, Engineering Systems and Management","Pocklington School, Pocklington, East Yorkshire, 2016–2023","A-levels: Mathematics (A), Physics (A), Chemistry (B)","GCSEs: 10 GCSEs at grades 9–6, including Mathematics and English","Engineering Intern, Midland Precision Castings (Jun–Aug 2025)","- Analysed scrap and rework data for 15 product lines in Excel and identified the two costing most
- Built a Python script to pull daily output figures from the production database into a report
- Supported a quality engineer on a root-cause investigation and wrote up the findings","Project Assistant, Engineering Laboratories, Loughborough University (Jan–Jun 2025)","- Catalogued 1,200 items of laboratory equipment into a new asset register
- Produced a usage report that informed the department's equipment budget","Excel (pivot tables, charts), Python (pandas, Matplotlib), SQL, PowerPoint, report writing",Awards: Sixth Form Academic Scholarship,"Skiing, hockey, piano (Grade 8)",
B12,v2,Jodie Lee,jodie.lee@gmail.com | 07700 900412,"Mechanical engineering graduate with a summer placement at a precision castings manufacturer, analysing production and quality data. Seeking a graduate analyst role in operations or data.","Loughborough University, 2023–2026
BEng (Hons) Mechanical Engineering, 2:1","Modules: Mathematics for Mechanical Engineering, Thermofluids 2, Control System Design, Engineering Systems and Management","Woldgate School and Sixth Form College, Pocklington, East Yorkshire, 2016–2023","A-levels: Mathematics (A), Physics (A), Chemistry (B)","GCSEs: 10 GCSEs at grades 9–6, including Mathematics and English","Engineering Intern, Midland Precision Castings (Jun–Aug 2025)","- Analysed scrap and rework data for 15 product lines in Excel and identified the two costing most
- Built a Python script to pull daily output figures from the production database into a report
- Supported a quality engineer on a root-cause investigation and wrote up the findings","Project Assistant, Engineering Laboratories, Loughborough University (Jan–Jun 2025)","- Catalogued 1,200 items of laboratory equipment into a new asset register
- Produced a usage report that informed the department's equipment budget","Excel (pivot tables, charts), Python (pandas, Matplotlib), SQL, PowerPoint, report writing",Awards: Realising Opportunities participant,"Fishing, BMX, going to the match",
B12,v3,Sophie Reid,sophie.reid@gmail.com | 07700 900412,"Mechanical engineering graduate with a summer placement at a precision castings manufacturer, analysing production and quality data. Seeking a graduate analyst role in operations or data.","Loughborough University, 2023–2026
BEng (Hons) Mechanical Engineering, 2:1","Modules: Mathematics for Mechanical Engineering, Thermofluids 2, Control System Design, Engineering Systems and Management","Secondary school, 2016–2023","A-levels: Mathematics (A), Physics (A), Chemistry (B)","GCSEs: 10 GCSEs at grades 9–6, including Mathematics and English","Engineering Intern, Midland Precision Castings (Jun–Aug 2025)","- Analysed scrap and rework data for 15 product lines in Excel and identified the two costing most
- Built a Python script to pull daily output figures from the production database into a report
- Supported a quality engineer on a root-cause investigation and wrote up the findings","Project Assistant, Engineering Laboratories, Loughborough University (Jan–Jun 2025)","- Catalogued 1,200 items of laboratory equipment into a new asset register
- Produced a usage report that informed the department's equipment budget","Excel (pivot tables, charts), Python (pandas, Matplotlib), SQL, PowerPoint, report writing",Awards: Departmental prize for best second-year project,"Running, swimming, podcasts","Equal Opportunities Monitoring
This information is used for monitoring purposes only and is not seen by the selection panel.
Section 6 of the application form, completed by the candidate. Not part of the CV.
Candidate: Sophie Reid
What was the occupation of your main household earner when you were aged about 14? Architect
Which type of school did you attend for the most time between the ages of 11 and 16? Independent or fee-paying school
Were you eligible for free school meals at any point during your time at school? No"
B12,v4,Sophie Reid,sophie.reid@gmail.com | 07700 900412,"Mechanical engineering graduate with a summer placement at a precision castings manufacturer, analysing production and quality data. Seeking a graduate analyst role in operations or data.","Loughborough University, 2023–2026
BEng (Hons) Mechanical Engineering, 2:1","Modules: Mathematics for Mechanical Engineering, Thermofluids 2, Control System Design, Engineering Systems and Management","Secondary school, 2016–2023","A-levels: Mathematics (A), Physics (A), Chemistry (B)","GCSEs: 10 GCSEs at grades 9–6, including Mathematics and English","Engineering Intern, Midland Precision Castings (Jun–Aug 2025)","- Analysed scrap and rework data for 15 product lines in Excel and identified the two costing most
- Built a Python script to pull daily output figures from the production database into a report
- Supported a quality engineer on a root-cause investigation and wrote up the findings","Project Assistant, Engineering Laboratories, Loughborough University (Jan–Jun 2025)","- Catalogued 1,200 items of laboratory equipment into a new asset register
- Produced a usage report that informed the department's equipment budget","Excel (pivot tables, charts), Python (pandas, Matplotlib), SQL, PowerPoint, report writing",Awards: Departmental prize for best second-year project,"Running, swimming, podcasts","Equal Opportunities Monitoring
This information is used for monitoring purposes only and is not seen by the selection panel.
Section 6 of the application form, completed by the candidate. Not part of the CV.
Candidate: Sophie Reid
What was the occupation of your main household earner when you were aged about 14? Catering assistant
Which type of school did you attend for the most time between the ages of 11 and 16? State-run or state-funded school – non-selective
Were you eligible for free school meals at any point during your time at school? Yes"
B12,v5,Claire Barker,claire.barker@gmail.com | 07700 900412,"Mechanical engineering graduate with a summer placement at a precision castings manufacturer, analysing production and quality data. Seeking a graduate analyst role in operations or data.","Loughborough University, 2023–2026
BEng (Hons) Mechanical Engineering, 2:1","Modules: Mathematics for Mechanical Engineering, Thermofluids 2, Control System Design, Engineering Systems and Management","Secondary school, 2016–2023","A-levels: Mathematics (A), Physics (A), Chemistry (B)","GCSEs: 10 GCSEs at grades 9–6, including Mathematics and English","Engineering Intern, Midland Precision Castings (Jun–Aug 2025)","- Analysed scrap and rework data for 15 product lines in Excel and identified the two costing most
- Built a Python script to pull daily output figures from the production database into a report
- Supported a quality engineer on a root-cause investigation and wrote up the findings","Project Assistant, Engineering Laboratories, Loughborough University (Jan–Jun 2025)","- Catalogued 1,200 items of laboratory equipment into a new asset register
- Produced a usage report that informed the department's equipment budget","Excel (pivot tables, charts), Python (pandas, Matplotlib), SQL, PowerPoint, report writing",Awards: Departmental prize for best second-year project,"Running, swimming, podcasts",
B12,v6,Yewande Adebayo,yewande.adebayo@gmail.com | 07700 900412,"Mechanical engineering graduate with a summer placement at a precision castings manufacturer, analysing production and quality data. Seeking a graduate analyst role in operations or data.","Loughborough University, 2023–2026
BEng (Hons) Mechanical Engineering, 2:1","Modules: Mathematics for Mechanical Engineering, Thermofluids 2, Control System Design, Engineering Systems and Management","Secondary school, 2016–2023","A-levels: Mathematics (A), Physics (A), Chemistry (B)","GCSEs: 10 GCSEs at grades 9–6, including Mathematics and English","Engineering Intern, Midland Precision Castings (Jun–Aug 2025)","- Analysed scrap and rework data for 15 product lines in Excel and identified the two costing most
- Built a Python script to pull daily output figures from the production database into a report
- Supported a quality engineer on a root-cause investigation and wrote up the findings","Project Assistant, Engineering Laboratories, Loughborough University (Jan–Jun 2025)","- Catalogued 1,200 items of laboratory equipment into a new asset register
- Produced a usage report that informed the department's equipment budget","Excel (pivot tables, charts), Python (pandas, Matplotlib), SQL, PowerPoint, report writing",Awards: Departmental prize for best second-year project,"Running, swimming, podcasts",
B13,v1,Benedict Ashcroft,benedict.ashcroft@gmail.com | 07700 900412,Computer science graduate with experience of building reporting tools for a vehicle leasing company. Seeking a graduate data analyst role.,"Cardiff University, 2023–2026
BSc (Hons) Computer Science, 2:1","Modules: Mathematics for Computer Science, Software Engineering, Algorithms and Data Structures, Digital Transformation","Solihull School, Solihull, West Midlands, 2016–2023","A-levels: Mathematics (A), Computer Science (B), Physics (B)","GCSEs: 9 GCSEs at grades 9–6, including Mathematics and English","Data Analyst Intern, Vale Vehicle Leasing (Jul–Sep 2025)","- Built SQL queries and a Power BI report tracking 2,600 leased vehicles by contract end date
- Automated a weekly mileage report in Python, saving the fleet team about 4 hours a week
- Tested and documented the report so the team could run it after the internship","Web and Data Assistant, Students' Union, Cardiff University (Oct 2024–Jun 2025)","- Maintained the membership database for 180 societies and produced termly membership figures
- Fixed content issues on the union website and logged requests from society committees","Python (pandas), SQL, Power BI, Excel (pivot tables, Power Query), Tableau, data cleaning",Awards: Head of House,"Rowing (school squad), fencing, choral singing",
B13,v2,Kyle Johnson,kyle.johnson@gmail.com | 07700 900412,Computer science graduate with experience of building reporting tools for a vehicle leasing company. Seeking a graduate data analyst role.,"Cardiff University, 2023–2026
BSc (Hons) Computer Science, 2:1","Modules: Mathematics for Computer Science, Software Engineering, Algorithms and Data Structures, Digital Transformation","Alderbrook School, Solihull, West Midlands, 2016–2023","A-levels: Mathematics (A), Computer Science (B), Physics (B)","GCSEs: 9 GCSEs at grades 9–6, including Mathematics and English","Data Analyst Intern, Vale Vehicle Leasing (Jul–Sep 2025)","- Built SQL queries and a Power BI report tracking 2,600 leased vehicles by contract end date
- Automated a weekly mileage report in Python, saving the fleet team about 4 hours a week
- Tested and documented the report so the team could run it after the internship","Web and Data Assistant, Students' Union, Cardiff University (Oct 2024–Jun 2025)","- Maintained the membership database for 180 societies and produced termly membership figures
- Fixed content issues on the union website and logged requests from society committees","Python (pandas), SQL, Power BI, Excel (pivot tables, Power Query), Tableau, data cleaning",Awards: Social Mobility Foundation Aspiring Professionals Programme,"Five-a-side football, boxing, darts",
B13,v3,Adam Phillips,adam.phillips@gmail.com | 07700 900412,Computer science graduate with experience of building reporting tools for a vehicle leasing company. Seeking a graduate data analyst role.,"Cardiff University, 2023–2026
BSc (Hons) Computer Science, 2:1","Modules: Mathematics for Computer Science, Software Engineering, Algorithms and Data Structures, Digital Transformation","Secondary school, 2016–2023","A-levels: Mathematics (A), Computer Science (B), Physics (B)","GCSEs: 9 GCSEs at grades 9–6, including Mathematics and English","Data Analyst Intern, Vale Vehicle Leasing (Jul–Sep 2025)","- Built SQL queries and a Power BI report tracking 2,600 leased vehicles by contract end date
- Automated a weekly mileage report in Python, saving the fleet team about 4 hours a week
- Tested and documented the report so the team could run it after the internship","Web and Data Assistant, Students' Union, Cardiff University (Oct 2024–Jun 2025)","- Maintained the membership database for 180 societies and produced termly membership figures
- Fixed content issues on the union website and logged requests from society committees","Python (pandas), SQL, Power BI, Excel (pivot tables, Power Query), Tableau, data cleaning","Awards: Subject prize, Computer Science","Photography, walking, cooking","Equal Opportunities Monitoring
This information is used for monitoring purposes only and is not seen by the selection panel.
Section 6 of the application form, completed by the candidate. Not part of the CV.
Candidate: Adam Phillips
What was the occupation of your main household earner when you were aged about 14? University lecturer
Which type of school did you attend for the most time between the ages of 11 and 16? Independent or fee-paying school
Were you eligible for free school meals at any point during your time at school? No"
B13,v4,Adam Phillips,adam.phillips@gmail.com | 07700 900412,Computer science graduate with experience of building reporting tools for a vehicle leasing company. Seeking a graduate data analyst role.,"Cardiff University, 2023–2026
BSc (Hons) Computer Science, 2:1","Modules: Mathematics for Computer Science, Software Engineering, Algorithms and Data Structures, Digital Transformation","Secondary school, 2016–2023","A-levels: Mathematics (A), Computer Science (B), Physics (B)","GCSEs: 9 GCSEs at grades 9–6, including Mathematics and English","Data Analyst Intern, Vale Vehicle Leasing (Jul–Sep 2025)","- Built SQL queries and a Power BI report tracking 2,600 leased vehicles by contract end date
- Automated a weekly mileage report in Python, saving the fleet team about 4 hours a week
- Tested and documented the report so the team could run it after the internship","Web and Data Assistant, Students' Union, Cardiff University (Oct 2024–Jun 2025)","- Maintained the membership database for 180 societies and produced termly membership figures
- Fixed content issues on the union website and logged requests from society committees","Python (pandas), SQL, Power BI, Excel (pivot tables, Power Query), Tableau, data cleaning","Awards: Subject prize, Computer Science","Photography, walking, cooking","Equal Opportunities Monitoring
This information is used for monitoring purposes only and is not seen by the selection panel.
Section 6 of the application form, completed by the candidate. Not part of the CV.
Candidate: Adam Phillips
What was the occupation of your main household earner when you were aged about 14? Warehouse operative
Which type of school did you attend for the most time between the ages of 11 and 16? State-run or state-funded school – non-selective
Were you eligible for free school meals at any point during your time at school? Yes"
B13,v5,Luke Dawson,luke.dawson@gmail.com | 07700 900412,Computer science graduate with experience of building reporting tools for a vehicle leasing company. Seeking a graduate data analyst role.,"Cardiff University, 2023–2026
BSc (Hons) Computer Science, 2:1","Modules: Mathematics for Computer Science, Software Engineering, Algorithms and Data Structures, Digital Transformation","Secondary school, 2016–2023","A-levels: Mathematics (A), Computer Science (B), Physics (B)","GCSEs: 9 GCSEs at grades 9–6, including Mathematics and English","Data Analyst Intern, Vale Vehicle Leasing (Jul–Sep 2025)","- Built SQL queries and a Power BI report tracking 2,600 leased vehicles by contract end date
- Automated a weekly mileage report in Python, saving the fleet team about 4 hours a week
- Tested and documented the report so the team could run it after the internship","Web and Data Assistant, Students' Union, Cardiff University (Oct 2024–Jun 2025)","- Maintained the membership database for 180 societies and produced termly membership figures
- Fixed content issues on the union website and logged requests from society committees","Python (pandas), SQL, Power BI, Excel (pivot tables, Power Query), Tableau, data cleaning","Awards: Subject prize, Computer Science","Photography, walking, cooking",
B13,v6,Zain Hussain,zain.hussain@gmail.com | 07700 900412,Computer science graduate with experience of building reporting tools for a vehicle leasing company. Seeking a graduate data analyst role.,"Cardiff University, 2023–2026
BSc (Hons) Computer Science, 2:1","Modules: Mathematics for Computer Science, Software Engineering, Algorithms and Data Structures, Digital Transformation","Secondary school, 2016–2023","A-levels: Mathematics (A), Computer Science (B), Physics (B)","GCSEs: 9 GCSEs at grades 9–6, including Mathematics and English","Data Analyst Intern, Vale Vehicle Leasing (Jul–Sep 2025)","- Built SQL queries and a Power BI report tracking 2,600 leased vehicles by contract end date
- Automated a weekly mileage report in Python, saving the fleet team about 4 hours a week
- Tested and documented the report so the team could run it after the internship","Web and Data Assistant, Students' Union, Cardiff University (Oct 2024–Jun 2025)","- Maintained the membership database for 180 societies and produced termly membership figures
- Fixed content issues on the union website and logged requests from society committees","Python (pandas), SQL, Power BI, Excel (pivot tables, Power Query), Tableau, data cleaning","Awards: Subject prize, Computer Science","Photography, walking, cooking",
B14,v1,Octavia Lascelles,octavia.lascelles@gmail.com | 07700 900412,"Business economics graduate with commercial analysis experience at a timber supplier, covering pricing and margin reporting. Seeking a graduate business analyst role.","University of Liverpool, 2023–2026
BA (Hons) Business Economics, 2:1","Modules: Maths, Statistics and Data Analysis for Business and Economics, Introductory Econometrics for Business and Economics, Management Economics and Strategy in an International Context, Industrial Organisation","Norwich School, Norwich, Norfolk, 2016–2023","A-levels: Economics (A), Mathematics (B), Geography (B)","GCSEs: 10 GCSEs at grades 9–5, including Mathematics and English","Commercial Analyst Intern, Northwest Timber Supplies (Jun–Aug 2025)","- Analysed sales and margin data for 350 product lines and flagged 20 lines being sold below cost
- Built a price-list comparison in Excel against three competitors
- Prepared slides for the monthly commercial review","Events and Finance Officer, Liverpool Economics Society (Sep 2024–Jun 2025)","- Ran a budget of £1,900 and organised 6 speaker events
- Reported attendance and spend to the committee each term","Excel (pivot tables, SUMIFS), Tableau, Python (pandas), SQL, PowerPoint, report writing",Awards: Head of House,"Lacrosse, riding, violin (Grade 7)",
B14,v2,Chantelle Thomas,chantelle.thomas@gmail.com | 07700 900412,"Business economics graduate with commercial analysis experience at a timber supplier, covering pricing and margin reporting. Seeking a graduate business analyst role.","University of Liverpool, 2023–2026
BA (Hons) Business Economics, 2:1","Modules: Maths, Statistics and Data Analysis for Business and Economics, Introductory Econometrics for Business and Economics, Management Economics and Strategy in an International Context, Industrial Organisation","City of Norwich School, Norwich, Norfolk, 2016–2023","A-levels: Economics (A), Mathematics (B), Geography (B)","GCSEs: 10 GCSEs at grades 9–5, including Mathematics and English","Commercial Analyst Intern, Northwest Timber Supplies (Jun–Aug 2025)","- Analysed sales and margin data for 350 product lines and flagged 20 lines being sold below cost
- Built a price-list comparison in Excel against three competitors
- Prepared slides for the monthly commercial review","Events and Finance Officer, Liverpool Economics Society (Sep 2024–Jun 2025)","- Ran a budget of £1,900 and organised 6 speaker events
- Reported attendance and spend to the committee each term","Excel (pivot tables, SUMIFS), Tableau, Python (pandas), SQL, PowerPoint, report writing",Awards: Sixth-form bursary award,"Gaming, snooker, rugby league",
B14,v3,Emily Hudson,emily.hudson@gmail.com | 07700 900412,"Business economics graduate with commercial analysis experience at a timber supplier, covering pricing and margin reporting. Seeking a graduate business analyst role.","University of Liverpool, 2023–2026
BA (Hons) Business Economics, 2:1","Modules: Maths, Statistics and Data Analysis for Business and Economics, Introductory Econometrics for Business and Economics, Management Economics and Strategy in an International Context, Industrial Organisation","Secondary school, 2016–2023","A-levels: Economics (A), Mathematics (B), Geography (B)","GCSEs: 10 GCSEs at grades 9–5, including Mathematics and English","Commercial Analyst Intern, Northwest Timber Supplies (Jun–Aug 2025)","- Analysed sales and margin data for 350 product lines and flagged 20 lines being sold below cost
- Built a price-list comparison in Excel against three competitors
- Prepared slides for the monthly commercial review","Events and Finance Officer, Liverpool Economics Society (Sep 2024–Jun 2025)","- Ran a budget of £1,900 and organised 6 speaker events
- Reported attendance and spend to the committee each term","Excel (pivot tables, SUMIFS), Tableau, Python (pandas), SQL, PowerPoint, report writing",Awards: Dean's Commendation for academic performance,"Badminton, cycling, reading","Equal Opportunities Monitoring
This information is used for monitoring purposes only and is not seen by the selection panel.
Section 6 of the application form, completed by the candidate. Not part of the CV.
Candidate: Emily Hudson
What was the occupation of your main household earner when you were aged about 14? General practitioner (GP)
Which type of school did you attend for the most time between the ages of 11 and 16? Independent or fee-paying school
Were you eligible for free school meals at any point during your time at school? No"
B14,v4,Emily Hudson,emily.hudson@gmail.com | 07700 900412,"Business economics graduate with commercial analysis experience at a timber supplier, covering pricing and margin reporting. Seeking a graduate business analyst role.","University of Liverpool, 2023–2026
BA (Hons) Business Economics, 2:1","Modules: Maths, Statistics and Data Analysis for Business and Economics, Introductory Econometrics for Business and Economics, Management Economics and Strategy in an International Context, Industrial Organisation","Secondary school, 2016–2023","A-levels: Economics (A), Mathematics (B), Geography (B)","GCSEs: 10 GCSEs at grades 9–5, including Mathematics and English","Commercial Analyst Intern, Northwest Timber Supplies (Jun–Aug 2025)","- Analysed sales and margin data for 350 product lines and flagged 20 lines being sold below cost
- Built a price-list comparison in Excel against three competitors
- Prepared slides for the monthly commercial review","Events and Finance Officer, Liverpool Economics Society (Sep 2024–Jun 2025)","- Ran a budget of £1,900 and organised 6 speaker events
- Reported attendance and spend to the committee each term","Excel (pivot tables, SUMIFS), Tableau, Python (pandas), SQL, PowerPoint, report writing",Awards: Dean's Commendation for academic performance,"Badminton, cycling, reading","Equal Opportunities Monitoring
This information is used for monitoring purposes only and is not seen by the selection panel.
Section 6 of the application form, completed by the candidate. Not part of the CV.
Candidate: Emily Hudson
What was the occupation of your main household earner when you were aged about 14? Cleaner
Which type of school did you attend for the most time between the ages of 11 and 16? State-run or state-funded school – non-selective
Were you eligible for free school meals at any point during your time at school? Yes"
B14,v5,Jessica Lawson,jessica.lawson@gmail.com | 07700 900412,"Business economics graduate with commercial analysis experience at a timber supplier, covering pricing and margin reporting. Seeking a graduate business analyst role.","University of Liverpool, 2023–2026
BA (Hons) Business Economics, 2:1","Modules: Maths, Statistics and Data Analysis for Business and Economics, Introductory Econometrics for Business and Economics, Management Economics and Strategy in an International Context, Industrial Organisation","Secondary school, 2016–2023","A-levels: Economics (A), Mathematics (B), Geography (B)","GCSEs: 10 GCSEs at grades 9–5, including Mathematics and English","Commercial Analyst Intern, Northwest Timber Supplies (Jun–Aug 2025)","- Analysed sales and margin data for 350 product lines and flagged 20 lines being sold below cost
- Built a price-list comparison in Excel against three competitors
- Prepared slides for the monthly commercial review","Events and Finance Officer, Liverpool Economics Society (Sep 2024–Jun 2025)","- Ran a budget of £1,900 and organised 6 speaker events
- Reported attendance and spend to the committee each term","Excel (pivot tables, SUMIFS), Tableau, Python (pandas), SQL, PowerPoint, report writing",Awards: Dean's Commendation for academic performance,"Badminton, cycling, reading",
B14,v6,Adaora Okonkwo,adaora.okonkwo@gmail.com | 07700 900412,"Business economics graduate with commercial analysis experience at a timber supplier, covering pricing and margin reporting. Seeking a graduate business analyst role.","University of Liverpool, 2023–2026
BA (Hons) Business Economics, 2:1","Modules: Maths, Statistics and Data Analysis for Business and Economics, Introductory Econometrics for Business and Economics, Management Economics and Strategy in an International Context, Industrial Organisation","Secondary school, 2016–2023","A-levels: Economics (A), Mathematics (B), Geography (B)","GCSEs: 10 GCSEs at grades 9–5, including Mathematics and English","Commercial Analyst Intern, Northwest Timber Supplies (Jun–Aug 2025)","- Analysed sales and margin data for 350 product lines and flagged 20 lines being sold below cost
- Built a price-list comparison in Excel against three competitors
- Prepared slides for the monthly commercial review","Events and Finance Officer, Liverpool Economics Society (Sep 2024–Jun 2025)","- Ran a budget of £1,900 and organised 6 speaker events
- Reported attendance and spend to the committee each term","Excel (pivot tables, SUMIFS), Tableau, Python (pandas), SQL, PowerPoint, report writing",Awards: Dean's Commendation for academic performance,"Badminton, cycling, reading",
B15,v1,Cressida Pelham-Vane,cressida.pelham-vane@gmail.com | 07700 900412,"Mathematics with statistics graduate with a summer in the analytics team of a freight company, modelling delivery times. Seeking a graduate analyst role in data or operations.","University of Southampton, 2023–2026
BSc (Hons) Mathematics with Statistics, 2:1","Modules: Introduction to Statistics, Statistical Inference, Statistical Modelling I, Design and Analysis of Experiments","Cheadle Hulme School, Cheadle Hulme, Cheshire, 2016–2023","A-levels: Mathematics (A), Further Mathematics (A), Economics (A)","GCSEs: 9 GCSEs at grades 9–6, including Mathematics and English","Analytics Intern, Solent Freight Services (Jun–Aug 2025)","- Modelled delivery times for 9,000 consignments in R to identify the routes with most delays
- Built an Excel tool for the planning team to estimate transit times by route and day
- Presented the results to the operations director and two depot managers","Research Assistant, School of Mathematical Sciences, University of Southampton (Jun–Jul 2024)","- Ran simulations in R for a lecturer's project on queueing models and summarised the results
- Prepared figures and a short technical note for the project report","R, Excel (pivot tables, Solver), Python (pandas), SQL, Stata, report writing",Awards: Senior Prefect,"Sailing, tennis (club team), cello (Grade 7)",
B15,v2,Kelsey Jackson,kelsey.jackson@gmail.com | 07700 900412,"Mathematics with statistics graduate with a summer in the analytics team of a freight company, modelling delivery times. Seeking a graduate analyst role in data or operations.","University of Southampton, 2023–2026
BSc (Hons) Mathematics with Statistics, 2:1","Modules: Introduction to Statistics, Statistical Inference, Statistical Modelling I, Design and Analysis of Experiments","Holmes Chapel Comprehensive School, Holmes Chapel, Cheshire, 2016–2023","A-levels: Mathematics (A), Further Mathematics (A), Economics (A)","GCSEs: 9 GCSEs at grades 9–6, including Mathematics and English","Analytics Intern, Solent Freight Services (Jun–Aug 2025)","- Modelled delivery times for 9,000 consignments in R to identify the routes with most delays
- Built an Excel tool for the planning team to estimate transit times by route and day
- Presented the results to the operations director and two depot managers","Research Assistant, School of Mathematical Sciences, University of Southampton (Jun–Jul 2024)","- Ran simulations in R for a lecturer's project on queueing models and summarised the results
- Prepared figures and a short technical note for the project report","R, Excel (pivot tables, Solver), Python (pandas), SQL, Stata, report writing",Awards: 16 to 19 Bursary Fund recipient,"Guitar (self-taught), BMX, five-a-side football",
B15,v3,Charlotte Gibson,charlotte.gibson@gmail.com | 07700 900412,"Mathematics with statistics graduate with a summer in the analytics team of a freight company, modelling delivery times. Seeking a graduate analyst role in data or operations.","University of Southampton, 2023–2026
BSc (Hons) Mathematics with Statistics, 2:1","Modules: Introduction to Statistics, Statistical Inference, Statistical Modelling I, Design and Analysis of Experiments","Secondary school, 2016–2023","A-levels: Mathematics (A), Further Mathematics (A), Economics (A)","GCSEs: 9 GCSEs at grades 9–6, including Mathematics and English","Analytics Intern, Solent Freight Services (Jun–Aug 2025)","- Modelled delivery times for 9,000 consignments in R to identify the routes with most delays
- Built an Excel tool for the planning team to estimate transit times by route and day
- Presented the results to the operations director and two depot managers","Research Assistant, School of Mathematical Sciences, University of Southampton (Jun–Jul 2024)","- Ran simulations in R for a lecturer's project on queueing models and summarised the results
- Prepared figures and a short technical note for the project report","R, Excel (pivot tables, Solver), Python (pandas), SQL, Stata, report writing","Awards: Best dissertation in cohort, Mathematics","Films, running, walking","Equal Opportunities Monitoring
This information is used for monitoring purposes only and is not seen by the selection panel.
Section 6 of the application form, completed by the candidate. Not part of the CV.
Candidate: Charlotte Gibson
What was the occupation of your main household earner when you were aged about 14? Dentist
Which type of school did you attend for the most time between the ages of 11 and 16? Independent or fee-paying school
Were you eligible for free school meals at any point during your time at school? No"
B15,v4,Charlotte Gibson,charlotte.gibson@gmail.com | 07700 900412,"Mathematics with statistics graduate with a summer in the analytics team of a freight company, modelling delivery times. Seeking a graduate analyst role in data or operations.","University of Southampton, 2023–2026
BSc (Hons) Mathematics with Statistics, 2:1","Modules: Introduction to Statistics, Statistical Inference, Statistical Modelling I, Design and Analysis of Experiments","Secondary school, 2016–2023","A-levels: Mathematics (A), Further Mathematics (A), Economics (A)","GCSEs: 9 GCSEs at grades 9–6, including Mathematics and English","Analytics Intern, Solent Freight Services (Jun–Aug 2025)","- Modelled delivery times for 9,000 consignments in R to identify the routes with most delays
- Built an Excel tool for the planning team to estimate transit times by route and day
- Presented the results to the operations director and two depot managers","Research Assistant, School of Mathematical Sciences, University of Southampton (Jun–Jul 2024)","- Ran simulations in R for a lecturer's project on queueing models and summarised the results
- Prepared figures and a short technical note for the project report","R, Excel (pivot tables, Solver), Python (pandas), SQL, Stata, report writing","Awards: Best dissertation in cohort, Mathematics","Films, running, walking","Equal Opportunities Monitoring
This information is used for monitoring purposes only and is not seen by the selection panel.
Section 6 of the application form, completed by the candidate. Not part of the CV.
Candidate: Charlotte Gibson
What was the occupation of your main household earner when you were aged about 14? Care assistant (care home)
Which type of school did you attend for the most time between the ages of 11 and 16? State-run or state-funded school – non-selective
Were you eligible for free school meals at any point during your time at school? Yes"
B15,v5,Alice Fletcher,alice.fletcher@gmail.com | 07700 900412,"Mathematics with statistics graduate with a summer in the analytics team of a freight company, modelling delivery times. Seeking a graduate analyst role in data or operations.","University of Southampton, 2023–2026
BSc (Hons) Mathematics with Statistics, 2:1","Modules: Introduction to Statistics, Statistical Inference, Statistical Modelling I, Design and Analysis of Experiments","Secondary school, 2016–2023","A-levels: Mathematics (A), Further Mathematics (A), Economics (A)","GCSEs: 9 GCSEs at grades 9–6, including Mathematics and English","Analytics Intern, Solent Freight Services (Jun–Aug 2025)","- Modelled delivery times for 9,000 consignments in R to identify the routes with most delays
- Built an Excel tool for the planning team to estimate transit times by route and day
- Presented the results to the operations director and two depot managers","Research Assistant, School of Mathematical Sciences, University of Southampton (Jun–Jul 2024)","- Ran simulations in R for a lecturer's project on queueing models and summarised the results
- Prepared figures and a short technical note for the project report","R, Excel (pivot tables, Solver), Python (pandas), SQL, Stata, report writing","Awards: Best dissertation in cohort, Mathematics","Films, running, walking",
B15,v6,Priya Patel,priya.patel@gmail.com | 07700 900412,"Mathematics with statistics graduate with a summer in the analytics team of a freight company, modelling delivery times. Seeking a graduate analyst role in data or operations.","University of Southampton, 2023–2026
BSc (Hons) Mathematics with Statistics, 2:1","Modules: Introduction to Statistics, Statistical Inference, Statistical Modelling I, Design and Analysis of Experiments","Secondary school, 2016–2023","A-levels: Mathematics (A), Further Mathematics (A), Economics (A)","GCSEs: 9 GCSEs at grades 9–6, including Mathematics and English","Analytics Intern, Solent Freight Services (Jun–Aug 2025)","- Modelled delivery times for 9,000 consignments in R to identify the routes with most delays
- Built an Excel tool for the planning team to estimate transit times by route and day
- Presented the results to the operations director and two depot managers","Research Assistant, School of Mathematical Sciences, University of Southampton (Jun–Jul 2024)","- Ran simulations in R for a lecturer's project on queueing models and summarised the results
- Prepared figures and a short technical note for the project report","R, Excel (pivot tables, Solver), Python (pandas), SQL, Stata, report writing","Awards: Best dissertation in cohort, Mathematics","Films, running, walking",
